Barcode,TSNE-1,TSNE-2
AAACCTGAGCTTATCG-1,-23.756442906029317,6.148903203319616
AAACCTGGTTGAGTTC-1,-19.682002216963948,5.610142193974049
AAACCTGTCAACGAAA-1,-16.954692509104447,16.649525266883096
AAACCTGTCTCATTCA-1,10.640450887985953,-11.921643987058427
AAACGGGCACAGGTTT-1,-19.814112183629764,18.911183705754542
AAACGGGCACTCAGGC-1,20.011733358892645,-10.710363891612726
AAACGGGTCATTTGGG-1,-15.245970230041742,22.353016639554028
AAACGGGTCCTCATTA-1,-11.856040996939607,23.19352504151757
AAAGATGAGGTACTCT-1,-13.215997164532492,-6.137243696677388
AAAGCAAAGACAGACC-1,14.53289132286132,-21.645701070216546
AAAGCAAAGGTACTCT-1,-16.76150236673652,19.013527346708326
AAAGCAACAAAGTCAA-1,5.617367545325842,-14.285804830478192
AAAGCAAGTGATGATA-1,19.33686363732136,-20.19889648436564
AAAGCAAGTTCCTCCA-1,-10.832441979254341,21.143193282694448
AAAGTAGCAGCGTAAG-1,11.103563320815251,13.852793719146883
AAAGTAGGTGTTCGAT-1,7.569879027231328,-17.715212155211365
AAAGTAGTCCGCAGTG-1,12.980101408945313,-21.989707360691277
AAATGCCCAAAGGTGC-1,12.790610766056826,-13.687336254801028
AAATGCCCACTTACGA-1,-15.64128773270197,-6.048457393335132
AAATGCCGTACCTACA-1,9.343237832764721,-11.461609982783626
AACACGTCAAGTCTAC-1,11.704559944527858,22.886580287269908
AACACGTCAGACAGGT-1,7.739860678601868,-18.906562304300675
AACACGTGTCGCTTCT-1,8.229043183845752,20.075756382445345
AACCATGAGAGGTACC-1,5.060064898900565,-15.05731486829376
AACCGCGAGGACCACA-1,-2.012556939532991,-18.80536198006918
AACCGCGCAGGATCGA-1,10.141384633821703,10.534340475969355
AACCGCGGTCATGCAT-1,1.6817087046873078,-13.57848556282971
AACGTTGAGGGAGTAA-1,17.157425064363444,-16.48441923399735
AACGTTGTCCACGTGG-1,-14.79914060814043,1.87034189197096
AACGTTGTCTGCCAGG-1,14.146293626748585,11.94187484852734
AACTCAGCAATGGTCT-1,10.046756542387051,24.501008120916037
AACTCAGGTAAATGTG-1,-11.680739093376099,-6.371547264656157
AACTCAGTCGACGGAA-1,12.268704072956591,15.825869510112023
AACTCTTGTGAGCGAT-1,-3.83893566057254,-16.792754537697977
AACTCTTGTTGGTGGA-1,-17.60919411457323,13.56889871194969
AACTCTTTCAGTTTGG-1,5.96305409213693,-17.711586595439606
AACTGGTAGAGAGCTC-1,-5.243051731469386,-11.0577407122933
AACTGGTCAGTCCTTC-1,-16.830165697088137,-0.9809139806329217
AACTGGTGTCAATGTC-1,11.852302500554359,-13.726083175488789
AACTTTCCACAGACTT-1,0.3665255617885911,-17.467899459081313
AACTTTCGTCCGTCAG-1,8.95200079996812,-20.864367008044027
AAGACCTCACAGGTTT-1,2.427233809663816,-19.175084352868627
AAGACCTGTGTTCGAT-1,-14.10206989075883,0.43898485814425453
AAGCCGCAGAACAACT-1,-5.9679793184830165,-8.071505484574079
AAGCCGCAGTTCGCAT-1,9.857312197069145,17.27035201574859
AAGGAGCGTCTTCGTC-1,-3.297534647182118,-6.156598536806657
AAGGAGCGTCTTTCAT-1,-18.611643345721884,13.116696716824327
AAGGAGCGTGCACTTA-1,1.4700855498273921,-11.921533512098733
AAGGTTCTCTTCGAGA-1,6.359128814138756,22.064426009134404
AAGTCTGAGTAGGTGC-1,-9.683725238352213,-1.0602348988827437
AAGTCTGGTAAATACG-1,7.283430830522017,-13.770335069039195
AAGTCTGGTCCAGTGC-1,-19.317800689127104,16.16915744236222
AAGTCTGTCTACTATC-1,9.697621723381118,-14.095030360863898
AATCCAGCATCCCACT-1,-21.534805712734965,13.354610867356245
AATCGGTCAAGTCTAC-1,8.16133818677878,-20.961490140021468
AATCGGTCAGGGAGAG-1,21.47302794827023,-12.209555226202706
AATCGGTGTATAGTAG-1,23.630530521894904,-10.889469775168207
ACACCAAAGAGCAATT-1,-5.8711958550134895,-6.38896373149657
ACACCAACAAGCGATG-1,3.8740994201433594,-10.844416532282581
ACACCAATCGCTTAGA-1,8.494656154479753,15.838025269151505
ACACCCTCAACACCTA-1,-15.360424781032185,0.18131854220790428
ACACCCTGTAGGACAC-1,11.593942200845879,14.914086779488622
ACACCCTTCCATTCTA-1,-18.240071440048965,17.048884881958152
ACACCCTTCTTAGAGC-1,-2.993475299888283,-11.241381837614831
ACACCGGAGAAGGCCT-1,-16.748881657840684,0.6085393940125189
ACACCGGAGTATCTCG-1,-5.32974051798169,-14.3933596548165
ACACCGGAGTCCGGTC-1,-12.10447093143207,0.6829775260422998
ACACTGAAGTCTCAAC-1,-0.7863577206368906,-16.045898305123636
ACACTGAGTGCGGTAA-1,12.055093229067538,-20.161952294039544
ACACTGATCCACGTGG-1,9.78859057849928,-21.101290712490815
ACAGCCGAGAGAGCTC-1,-16.528563042071752,18.963971084578546
ACAGCCGAGCTACCTA-1,-16.78144663414035,-4.285505533217119
ACAGCCGGTTTGCATG-1,16.04318993114604,18.972362644513094
ACAGCTAAGGACATTA-1,20.90814447020229,-13.863483151778476
ACAGCTACAATCGGTT-1,-12.504709638210302,-6.957073572611506
ACATACGAGAAGGCCT-1,4.843427084968291,15.418574422550888
ACATACGAGAGCTATA-1,-10.475242128178733,-1.5476200984465107
ACATACGAGATGGGTC-1,13.332154279784863,17.127586350316218
ACATCAGCATCGGACC-1,0.5372203623484975,-16.339195400960705
ACATGGTAGACGCAAC-1,8.262155324720547,-15.270991482101163
ACATGGTCAGCATACT-1,-5.086274545398834,-3.864864864530326
ACATGGTCATCAGTCA-1,-17.77912994906258,18.188581114555586
ACATGGTGTGCATCTA-1,15.729707447818516,-21.97252056947254
ACATGGTTCTGCCCTA-1,4.145041871330779,-15.444242853942201
ACCAGTAAGATATGGT-1,22.21618026382431,-9.010471198929144
ACCGTAAGTGCAGTAG-1,13.574185188248796,-20.886160612968435
ACCGTAATCAAACGGG-1,-13.332120029668655,22.365961693223344
ACCGTAATCCGCATCT-1,9.343782752926051,9.765754253694809
ACCTTTACAGACGCTC-1,23.39408674350252,-9.330150046218947
ACGAGCCGTTAAGATG-1,-7.751374880604039,-14.221640569379696
ACGAGCCTCCTGCAGG-1,-15.281242390909133,-0.7390627774390308
ACGAGGAAGATCCGAG-1,-18.774693594508623,-3.898386958248601
ACGAGGACAGACAGGT-1,-18.853391990550325,11.371870394857694
ACGAGGAGTACCGTTA-1,-19.72577378975663,11.784922881280893
ACGAGGAGTCCGTTAA-1,12.42370667607569,-20.51422257704139
ACGAGGAGTGATGCCC-1,-6.777451919673175,-0.015049368885371402
ACGAGGATCTGGCGAC-1,-0.42442056801358863,-17.303064268769706
ACGATACGTAGCGTGA-1,-15.22513332786846,11.251316333243704
ACGATGTCATTCGACA-1,15.107120994190357,-18.37386835842249
ACGATGTTCCTGCAGG-1,8.222607967684135,10.124003339764167
ACGCCAGAGCCAGGAT-1,-0.5765304604515673,-11.901406295682435
ACGCCAGTCACGCGGT-1,22.14836721562142,-8.784963320392674
ACGCCGAAGACCTTTG-1,20.260688669931998,-11.171171803418884
ACGCCGACACCCATTC-1,12.591423989640795,-6.594796008185878
ACGCCGAGTACTCAAC-1,13.694423092320083,14.284317272212439
ACGCCGAGTCTAGCGC-1,-15.856076083005007,21.371876115418345
ACGCCGAGTCTCCACT-1,-18.349009251877035,2.6467714149763166
ACGGAGACAATGGAGC-1,7.3862809957803215,19.665017083203697
ACGGAGACATCTACGA-1,9.434642930356587,9.947091112846588
ACGGAGAGTTATCACG-1,-20.472298484478987,10.601893795385577
ACGGGTCTCTCTTGAT-1,8.22234597817321,19.42227081835585
ACTATCTAGGTGCACA-1,-20.155322389698622,18.098854675901386
ACTATCTGTAAATGAC-1,-1.2295470529339299,-15.381070689751555
ACTGAACGTGGGTCAA-1,-20.612210858494052,5.566331378960672
ACTGAGTAGCCAACAG-1,4.892057428959137,-16.337044701899234
ACTGATGAGAGCTTCT-1,-20.454701258830134,1.6937283223044435
ACTGATGCAATGGAGC-1,-8.980112436375366,-7.0656016448568755
ACTGATGCATGACGGA-1,-16.42193386860018,7.205513127646835
ACTGCTCAGTGCGATG-1,-6.470051536177158,-10.121731127056082
ACTGCTCCACAGACAG-1,23.43851845106299,-11.003833521750312
ACTGCTCCAGACACTT-1,-1.1764962494199938,-9.4039657099886
ACTGTCCGTGGACGAT-1,11.576811222203977,-12.13448246240993
ACTTACTAGCGTTTAC-1,-14.675499825013816,3.3469269759466576
ACTTACTAGTCTTGCA-1,0.15830424930948908,-19.768617033636684
ACTTACTCACGACGAA-1,13.24880538359738,13.721531493623903
ACTTACTGTCTCTTTA-1,-9.922769278549538,-4.25229730565444
ACTTACTTCCTTGGTC-1,23.330248903863488,-10.94895279177629
ACTTGTTAGCGATGAC-1,-4.156167199972467,-10.314959695903427
ACTTGTTAGGGCTTCC-1,6.523657434960919,17.373379342503476
ACTTGTTCATGCAACT-1,12.81102382556596,-14.42730104131959
ACTTTCATCCAGTATG-1,-12.300312129508042,0.6754188783232061
AGAATAGAGGGAAACA-1,6.621014550144271,17.366672191511245
AGAATAGGTATGGTTC-1,-12.493524242650796,19.338855587788842
AGAATAGGTGTCTGAT-1,11.779338904261321,20.91101713551396
AGAATAGGTTCCGGCA-1,-18.872135544348104,11.026754017520883
AGAGTGGAGGTTACCT-1,-21.104686312946466,9.613086270774907
AGAGTGGTCCTAGTGA-1,-17.694245174975944,3.884905456823375
AGATCTGAGACATAAC-1,11.05102037739248,18.468394413814234
AGATCTGTCTGATTCT-1,-3.59631356353457,-10.902863389006214
AGCAGCCAGCTATGCT-1,-14.352944216257292,0.7757090868126056
AGCAGCCGTTACCGAT-1,5.785263509799341,15.297993823696249
AGCAGCCTCCTAAGTG-1,-4.91856606619142,-10.579736323297722
AGCATACGTTCGTTGA-1,-22.18164689646233,7.629648485944424
AGCCTAAAGAGGTAGA-1,14.622920521337763,18.56160844020183
AGCGGTCAGCGTGAAC-1,-12.531487074896564,-5.923829012357322
AGCGGTCTCCGTAGGC-1,9.075953308416013,10.109858403807486
AGCGGTCTCGTACGGC-1,13.075198626770902,21.64028134957662
AGCGTATAGTCATGCT-1,-0.5866690199963283,-13.111513760881271
AGCGTATAGTGCGATG-1,-18.533446086931626,15.996797916401864
AGCGTATCAATGAATG-1,7.998733482060557,22.718537033246246
AGCGTATGTTAAGGGC-1,13.22755077654428,11.151860093876214
AGCGTCGAGCCGGTAA-1,4.717681306012644,14.367146410035067
AGCTCCTAGTTAGGTA-1,-14.138607926864154,21.426573200749598
AGCTCCTCATCGGGTC-1,-13.670795966640199,-8.968866537427251
AGCTCCTGTTGAGTTC-1,-9.87718800951944,-6.044322240033475
AGCTCTCAGGTGACCA-1,11.521866291884383,20.109433004107046
AGCTCTCGTACTCTCC-1,4.379488425110026,-18.06548959435694
AGCTCTCGTATAATGG-1,7.92245142177771,-18.585210272012624
AGCTTGACACAAGACG-1,10.283331901966813,25.43430191641768
AGGCCACGTAGCAAAT-1,21.406573070739736,-10.254331283358304
AGGCCGTCACGGCGTT-1,-15.148805842453584,4.018095216368671
AGGCCGTGTTATGTGC-1,-8.153396701843823,-2.2889157109712985
AGGGAGTGTCGGCTCA-1,-8.719048752193016,-4.545671438026604
AGGGAGTTCGAATGCT-1,17.333010272592933,-19.04887890989157
AGGGATGAGATGTAAC-1,-13.167454950087627,1.814910130487071
AGGGATGTCAACGAAA-1,14.506521354343668,-20.98988630918943
AGGGTGATCATCGCTC-1,13.89157876475698,-6.835340363676033
AGGTCATAGAGGGATA-1,-4.556818310208345,-12.010174012544537
AGGTCATAGTACGATA-1,5.108666635304519,-12.946591431114614
AGGTCATAGTAGCGGT-1,12.501316143828868,8.918738395840634
AGGTCCGAGAGCTTCT-1,-18.815976767449758,16.090697152471964
AGTAGTCAGGAGTACC-1,-7.903005854280687,-11.063090242661367
AGTAGTCCAGGCTCAC-1,9.993769380106103,24.61853763936221
AGTAGTCTCGGATGTT-1,-9.452371646732306,-6.571128311187987
AGTCTTTAGACATAAC-1,-10.82602213227255,-3.735756149875204
AGTCTTTAGGAGCGTT-1,-11.904074572217118,-6.198456021296795
AGTCTTTCACAGACTT-1,-18.646637256433106,11.950336833401334
AGTCTTTGTCAGAATA-1,-19.913613183538992,15.584469362517266
AGTGAGGCAGATGGGT-1,-1.5391428195709211,-16.7277291764202
AGTGAGGGTCCATGAT-1,-12.452283340242088,-7.518498730692335
AGTGAGGGTGGAAAGA-1,6.076117600766227,21.08710460833042
AGTGAGGGTTTGGCGC-1,-22.198795653182017,7.601142974989329
AGTGAGGTCAGCTTAG-1,17.72162808935625,-19.401668920157846
AGTGAGGTCCGCTGTT-1,8.671981056214708,-15.341599593167503
AGTGGGACAATGCCAT-1,14.10344052930311,-22.664837963815028
AGTGGGACAATGGTCT-1,-15.678592182990934,19.15525567314784
AGTGGGACATCTCGCT-1,17.13699144449747,19.585292557169453
AGTGGGATCATCTGTT-1,10.61946128338344,-11.926097861188234
AGTGGGATCCTGCAGG-1,9.306240715930969,10.946665427703895
AGTGTCAGTGAGTGAC-1,-5.123556408598725,-10.25172018985625
AGTGTCAGTGTGCCTG-1,15.095917794941082,19.948140134983017
AGTGTCAGTTACGGAG-1,-1.7504124341183689,-13.257572545205225
AGTGTCATCCCTAATT-1,-4.616305728037764,-5.5401536760712276
AGTTGGTGTAAGGGCT-1,8.637030669849443,10.456824940032238
AGTTGGTTCAGCTTAG-1,10.232384771523389,-10.877987637492257
AGTTGGTTCCCTCTTT-1,14.361978159880772,20.85373820114923
ATAACGCAGTCCAGGA-1,-2.578175469750192,-10.596914552826847
ATAACGCTCACTCCTG-1,22.949477418315514,-11.028757577808097
ATAACGCTCCGGGTGT-1,9.11753605453419,11.698443175624405
ATAAGAGAGAAACCGC-1,-22.196137611277738,14.548193217082709
ATAAGAGAGAATGTTG-1,6.028280017555785,-20.093689562850415
ATAAGAGTCGCATGGC-1,0.9017730300043558,-16.260411355712222
ATAGACCCAGTCAGAG-1,-20.63825223421137,13.459251628197364
ATAGACCGTTCCACGG-1,8.292448403026965,15.559571360959138
ATAGACCTCCCATTAT-1,-16.277182706776195,-0.9450288028027994
ATCACGACAAATCCGT-1,4.060174982856694,-16.219475834604115
ATCACGATCTTCGAGA-1,13.184127136018056,11.405492419668594
ATCACGATCTTGTACT-1,-21.999120014740168,6.270126190998463
ATCATCTAGGTAGCTG-1,-8.374286844691559,-6.880843318464645
ATCATCTCAGATGGGT-1,20.71955180189145,-10.852933910705284
ATCATCTGTACCCAAT-1,23.452420850206618,-9.770730496093194
ATCATCTGTCCCTACT-1,11.719087758771952,21.610983749903912
ATCATGGGTTCGTCTC-1,-14.861971145856616,21.069953935007327
ATCCACCAGAAACGCC-1,-1.0625749261004114,-11.860386573147583
ATCCACCAGCTAACAA-1,-18.662463966531252,16.593523553959322
ATCCACCAGTCTCAAC-1,-19.24611159296494,7.119489660662516
ATCCACCCAGTACACT-1,9.58618485481375,-15.10394042332377
ATCCACCCATTTCAGG-1,14.450699213719115,-14.8891946238345
ATCCACCGTGTTTGTG-1,-14.831678477451343,-4.352713226954934
ATCCACCGTTATCACG-1,-18.107163670704168,7.048334868217043
ATCCGAACACGGCGTT-1,0.5713810369243402,-17.031821604765156
ATCCGAACATGGATGG-1,18.558815358632476,-16.109492184081127
ATCCGAATCTTCCTTC-1,-15.446574750313951,3.8985862345618605
ATCGAGTCACAGCGTC-1,-3.2620307196236165,-9.975749919491953
ATCTACTCACGGTAGA-1,16.16540603098036,-19.089481561534992
ATCTACTTCTTTAGGG-1,5.916338380405352,-15.893642686298254
ATCTGCCAGACAGGCT-1,-6.71745735468967,-15.2690976509306
ATCTGCCGTGATGCCC-1,-20.254565112191923,10.601754541975618
ATCTGCCGTTACGACT-1,8.789445413845133,18.42746017229343
ATCTGCCTCGATCCCT-1,13.475679410867034,-22.748752347408693
ATGAGGGCATCCTTGC-1,13.40311740690481,17.258060063876684
ATGCGATAGACAGGCT-1,16.801244044142813,22.150475460909114
ATGGGAGGTGCTCTTC-1,5.401102877569939,-12.794853560727578
ATGGGAGTCTTGAGAC-1,7.7070348281264165,-15.489690044083392
ATGTGTGCATCAGTAC-1,-14.88524206287036,19.828565119619736
ATGTGTGTCTCCAGGG-1,13.222453524482814,18.803012653643737
ATTACTCGTGCCTTGG-1,9.898077183488827,20.011921527911458
ATTATCCAGGCTACGA-1,-19.26441500232429,15.01379732565979
ATTATCCGTGCAACGA-1,11.092561114484218,-21.376329342771957
ATTATCCGTGTGTGCC-1,-20.926138285843923,7.7459216478474495
ATTATCCGTTCTGGTA-1,14.146970188650178,21.012817260432954
ATTCTACAGTGTTAGA-1,-18.40740848691112,10.814928948035067
ATTCTACCATGAAGTA-1,-4.063855960939388,-13.55653689855703
ATTCTACTCGGCGGTT-1,9.250588330640932,24.432290186595136
ATTGGTGGTAGAGCTG-1,-13.631915145056476,20.1945425537243
ATTTCTGGTGAGGCTA-1,12.854824934950159,10.401672700169685
ATTTCTGTCCTGCTTG-1,-13.58976044720956,-8.934932753778702
CAACCAAAGCAATATG-1,-14.765164561639594,1.6722258589763568
CAACCAAAGGACGAAA-1,-18.51463449780406,13.797335561715391
CAACCTCAGATCGATA-1,-10.679077274693329,1.013265742296222
CAACTAGAGTTGAGAT-1,13.63177445511983,-5.960699717802679
CAACTAGGTCCAAGTT-1,-14.518763715669113,-1.7750155565884045
CAACTAGTCAACACCA-1,-3.967470085997065,-9.540574885324643
CAACTAGTCAGGCAAG-1,-8.244570531018372,-4.229530684477664
CAACTAGTCGCTGATA-1,2.6784094415114663,-15.14943317474718
CAAGAAAAGAACTCGG-1,-4.424683158245315,-13.293192815484119
CAAGAAACACGTCTCT-1,14.116799555688631,-23.948623144433373
CAAGAAATCGCTAGCG-1,12.564433219780296,-12.440503950554334
CAAGGCCAGAGCCCAA-1,-14.107540369475315,5.249220683005587
CAAGGCCAGCGAAGGG-1,13.989784491121798,18.979194477336748
CAAGGCCAGTACCGGA-1,22.55700675435564,-11.1159603285162
CAAGGCCGTTGAGGTG-1,-21.829775783617556,12.23865824785855
CAAGGCCTCCTAAGTG-1,8.603886439657728,9.172323713728185
CAAGTTGTCTGTTTGT-1,10.913140205083788,23.96820875875274
CACAAACCACACGCTG-1,-8.360739640986733,-10.706312039431815
CACAAACGTTTGTGTG-1,-4.841050313530714,-10.488441916295296
CACAAACTCCTGCTTG-1,-12.413946286659145,21.429219582384544
CACACAAAGAGATGAG-1,7.867913011433466,11.75051711782931
CACACAAGTGTCTGAT-1,6.038054857413628,16.53932687538497
CACACCTTCTTCGAGA-1,-13.019695879085782,-4.022643825551806
CACACTCAGGATATAC-1,12.340342348848191,22.13402755215368
CACACTCGTGGTCCGT-1,5.291888617122784,-13.553856401582017
CACACTCTCGCGCCAA-1,-12.498666907691486,-1.515258000568868
CACACTCTCGTTGCCT-1,-4.508569636064842,-11.548868684297037
CACACTCTCTGAGGGA-1,12.66021682959231,-23.312304534815524
CACAGGCAGGGATGGG-1,-18.02399353250873,16.018461951499404
CACAGGCCATCGTCGG-1,9.948137460752275,8.484334124438913
CACAGGCGTCGCATAT-1,-16.962740697530567,1.7551959101131007
CACAGTATCTTGTATC-1,11.524431450799273,19.942121993015736
CACATAGAGTACGCGA-1,23.267808327925298,-9.002338519190268
CACATAGGTAGCCTCG-1,14.941800700818984,-21.92449671109
CACATAGGTCACTTCC-1,-8.68947571756076,-4.310016133594576
CACATTTCACCATCCT-1,-6.9675911558409975,-10.212167941352225
CACATTTTCGCAAACT-1,12.78942155913596,-13.785099673069551
CACCACTAGCTATGCT-1,21.303118519073358,-8.939078050573887
CACCACTCAAACTGCT-1,-22.41627544834764,12.037877409208045
CACCACTCAAACTGTC-1,4.598256539506914,-17.576882350435728
CACCACTGTTCAGTAC-1,17.976001927454078,-20.37919728733141
CACCACTTCTACTATC-1,10.744878316679351,16.381394596054946
CACCAGGCAGCCTTTC-1,6.288572002857821,-20.40598712033216
CACCAGGTCACATAGC-1,-5.9047736925647305,-6.235327694428222
CACCTTGAGGCTCATT-1,6.002770631674064,-15.013083725869068
CACCTTGAGTGTTGAA-1,5.345656804103554,-17.664653678799745
CACCTTGCAGCTGTGC-1,-0.7009392901536655,-11.200755259785051
CACCTTGCATGGTCAT-1,-14.858648554780654,-8.153720112253804
CACTCCACAGTATAAG-1,5.67819398437424,-15.298796167682376
CACTCCATCATAAAGG-1,-19.663327436757726,3.7332889643265976
CACTCCATCGCGGATC-1,-5.003940742875108,-11.883385697945934
CAGAATCGTGCTGTAT-1,13.192796569772286,22.219107005626572
CAGAATCGTTGAGGTG-1,-22.879338522226963,9.785087971888407
CAGAGAGCAGGACCCT-1,-1.4306942377338734,-19.21328755135346
CAGATCACATAGACTC-1,6.458578437213548,-20.5629466845875
CAGATCATCAAGCCTA-1,13.827463130961856,22.230735638767754
CAGCAGCAGCGATCCC-1,7.556943580195425,10.279941204591532
CAGCAGCAGTATGACA-1,13.90371145419411,-13.108489893584366
CAGCAGCCAAGCCATT-1,-12.325851245282866,21.588479278195038
CAGCAGCGTTCACCTC-1,-2.345869573677305,-10.578193595115527
CAGCAGCTCACCTCGT-1,1.3537460260425629,-12.348594155230934
CAGCCGAAGAACTCGG-1,-4.842184964875514,-11.665980102702996
CAGCCGAAGAGGTTAT-1,6.123411150020843,21.052546429127577
CAGCCGACAGCTGTAT-1,7.983338485411626,-17.952161615389805
CAGCCGATCATCTGTT-1,22.288637580829942,-6.9181960671169795
CAGCGACGTAATTGGA-1,-11.356210618605568,-2.970559180922312
CAGCTAAGTAAGTAGT-1,-16.934364789687514,4.7153556922048185
CAGCTAAGTATGAATG-1,2.638435526493562,-16.305133907638485
CAGCTAAGTATTCGTG-1,-18.6215928635054,3.2031604974497276
CAGCTGGCAACAACCT-1,-12.002712807739108,-4.185478706172926
CAGCTGGGTCTTGATG-1,17.07560762086995,17.54804270548448
CAGTAACAGCAGCCTC-1,10.604204947225007,18.905102199071678
CAGTCCTCACTACAGT-1,4.133114090672084,-17.061926959522115
CAGTCCTCAGACGCCT-1,-11.638689941454766,21.464401902423322
CATATGGCACCAGTTA-1,-5.902563681499324,-9.13541888531893
CATATGGTCAACCAAC-1,-11.92568707323725,-5.266273832023853
CATATTCAGATGGGTC-1,9.401313094845236,-12.422695462441146
CATATTCCAAGACGTG-1,8.520465230865415,23.472224593831946
CATATTCGTCGAATCT-1,14.514149275869874,-12.724631693601392
CATATTCGTCTCACCT-1,6.375905927496539,17.984993687056036
CATATTCTCGCTTGTC-1,-12.546267388083919,-5.810347306529142
CATCAAGCACGTGAGA-1,-11.466778718702974,22.885158746128745
CATCAAGCATTTGCCC-1,16.589745516034757,-19.969525920429515
CATCCACCACAGTCGC-1,-20.843576916610143,11.86412672588407
CATCCACCATTCGACA-1,14.325817291050269,-19.674797302547645
CATCGAAAGTAGCGGT-1,9.675028097349585,9.11815857500146
CATCGAACAGTGAGTG-1,-6.53490040676729,-10.875723837140875
CATCGAACAGTGGGAT-1,0.6712758952603765,-15.19244895765505
CATCGGGAGAGAGCTC-1,-15.626173465584268,12.45705095571835
CATGCCTCAAGCTGGA-1,9.284108737033275,7.3885543125665825
CATGCCTCATACGCTA-1,14.042415509854237,11.705179250812613
CATGCCTGTAAACACA-1,12.590397915464248,-6.393296702753759
CATGCCTGTGGCGAAT-1,11.422405622738612,9.179017620147185
CATGGCGAGGTGATTA-1,10.078294391212307,-21.51935565773516
CATGGCGTCAGTACGT-1,-10.34042005112426,-1.3605179612537597
CATTATCCAGGAACGT-1,0.1435686068040329,-13.645475486451488
CATTATCCATCAGTAC-1,-12.721917023366895,-5.239095554189911
CATTATCGTTAGTGGG-1,17.31180608177868,-17.744453957031233
CATTATCGTTTGCATG-1,13.258063970633808,-21.097600384775614
CATTATCTCTGGTGTA-1,13.642585699237598,16.30940711425771
CATTCGCAGATGTGTA-1,2.3868920700822307,-12.68109235191274
CATTCGCGTTCCCTTG-1,-23.443087789143796,12.74715592605181
CATTCGCTCCGATATG-1,-8.858351834501264,-9.47292536808826
CCAATCCAGTGAATTG-1,-22.087001117549004,5.752835569970579
CCAATCCCAACGCACC-1,-4.724559856533618,-14.918652694466267
CCAATCCGTCTTCGTC-1,-18.22787142320631,4.7262727774828885
CCAATCCGTTTCCACC-1,-17.169324784871808,13.932240559736199
CCAATCCTCTGTCTAT-1,11.249791358585219,-5.7240293747820425
CCACCTAAGACTAGGC-1,20.790933401755918,-14.373703490820413
CCACCTACAGACGTAG-1,-13.83312202350686,21.80344906108782
CCACCTAGTATGGTTC-1,9.204739581332213,-21.53873530678487
CCACCTATCTACCAGA-1,9.61366409525316,15.921437178567567
CCACTACAGCCGTCGT-1,-0.09836295888944664,-16.735343382976662
CCAGCGAGTCTCTTTA-1,15.59106317475454,19.127500240868525
CCAGCGAGTTGTCTTT-1,-2.2018153460829533,-7.873863115667542
CCAGCGATCCAGAGGA-1,23.717415074801245,-9.660558187392144
CCATGTCAGATCCTGT-1,8.314338486530403,19.940804465501515
CCATGTCCAATAACGA-1,-14.207918868524628,20.513836111433857
CCATGTCGTGATGTCT-1,-14.708973875578911,20.573357328585963
CCATTCGAGTCTTGCA-1,-20.353155488771026,11.965546094161294
CCATTCGCACTCAGGC-1,9.989294449405984,20.914283951508718
CCATTCGTCGCGGATC-1,-20.324649803112123,8.986508630049764
CCCAATCAGTACGCGA-1,-14.496525945802265,-1.8368322628822906
CCCAATCCACATCCGG-1,-2.4887217160037234,-15.92980543726784
CCCAATCGTATTACCG-1,5.3077951763591935,-16.117912213162874
CCCAGTTAGAGTTGGC-1,-20.560020056602088,5.385223503725328
CCCAGTTGTCTAGGTT-1,10.395802584679117,15.69055239644303
CCCAGTTTCATGTGGT-1,6.323926570185469,20.585286846792258
CCCAGTTTCGCAGGCT-1,-16.733090280584953,-2.4472456351242826
CCCAGTTTCGCCTGAG-1,6.761898787523772,18.27793170453369
CCCAGTTTCTCGGACG-1,-16.46921832456936,1.2660546933290604
CCCATACAGTGACATA-1,14.899972121429316,19.437778155027335
CCCTCCTCAATGGATA-1,3.4676763937104904,-12.493412574672814
CCCTCCTGTACCATCA-1,7.249238698310819,14.658595924573925
CCCTCCTGTTGCCTCT-1,4.58931597485856,-19.3724533723477
CCGGGATCATCCGGGT-1,22.65042585772988,-12.411721928666873
CCGGGATGTACTTAGC-1,-0.9961463182750465,-17.743121930780827
CCGGTAGGTGAGCGAT-1,11.45269165211556,-17.31218559709951
CCGGTAGTCCAAGTAC-1,-17.502961270511125,2.348389477587828
CCGTACTAGAGCAATT-1,-13.081254438644866,22.403302461385803
CCGTACTCAGACGCTC-1,6.89649947739995,16.161260782491382
CCGTACTTCTTAACCT-1,1.155307607651949,-14.945434503163643
CCGTGGAAGGTAAACT-1,-16.50429630446812,10.173309749452203
CCGTGGATCACGCATA-1,25.981432943280176,-10.428407941338467
CCTAAAGGTCTTCTCG-1,7.649145494983039,14.607003202063256
CCTACCAAGAGAGCTC-1,12.551142311455108,-11.87864157733931
CCTACCACAATGGACG-1,16.760050046606104,-18.13595531919339
CCTAGCTCATTCCTCG-1,-23.007003867538568,10.783078367184928
CCTAGCTGTAGCGTCC-1,4.381956305582801,-9.944537120762686
CCTATTAGTATAAACG-1,18.489274055379035,-17.421061036453626
CCTCAGTCATCTCGCT-1,-13.610372745085304,-1.4259446417944304
CCTCAGTCATTACGAC-1,-0.9188536457110316,-16.010821977209293
CCTCTGAAGTGGGCTA-1,-2.4837455511586986,-18.670989941381013
CCTCTGACAGGTTTCA-1,15.171729335654042,15.716002949646589
CCTCTGATCACGCATA-1,-17.831709690029182,0.6852497663195946
CCTTACGAGTGTGAAT-1,-15.256914311035331,-3.998739498791576
CCTTACGGTACGAAAT-1,6.632917961972738,21.32186939888459
CCTTCCCGTACTCAAC-1,-10.705096675218634,-5.253018511582136
CCTTCGACAAAGGCGT-1,16.44101617364781,-20.65785323507669
CCTTCGATCACATACG-1,21.71337178433202,-13.252626617909378
CCTTCGATCCTTTACA-1,10.707497720877935,-10.994388005087036
CCTTTCTAGATGTTAG-1,18.187950812198434,-21.203311638044465
CCTTTCTGTGATAAGT-1,13.51770356396032,21.399414738906415
CCTTTCTTCTGCGTAA-1,7.133895417805846,14.327802529136955
CGAACATAGTCAAGCG-1,-21.55445747255778,10.154135350701429
CGAATGTAGACTAGGC-1,15.148948921954359,13.973442668421535
CGAATGTAGGTGGGTT-1,-11.268227797081156,-6.550783308572886
CGAATGTGTTGTTTGG-1,-11.543495326731593,-7.216439164501864
CGAATGTTCGCCCTTA-1,11.466701841638281,10.163796029220823
CGAATGTTCGTCTGAA-1,-9.693021357328183,-1.0555191474994954
CGACCTTTCTGGTTCC-1,-16.559315872304648,0.3715517658277572
CGACTTCCAGCTATTG-1,-6.801401629594172,-7.5005278068982095
CGACTTCGTTGGTAAA-1,6.477399462143017,21.383432600470172
CGAGAAGAGAGTACCG-1,-19.545170194560054,2.2016162769021976
CGAGAAGCACTTAAGC-1,18.560579158138708,-17.232560358814425
CGAGAAGCAGCTTCGG-1,-17.142360063650337,17.720465680807955
CGAGCACCAAGAGGCT-1,-18.788906387339956,14.337677642490029
CGAGCACCATCAGTCA-1,-19.998367847312505,12.113041968670204
CGAGCACGTCTGCGGT-1,10.711890518222623,16.036561565362312
CGAGCACGTGCAACGA-1,-7.665112380697392,-5.299815263488577
CGAGCACTCATAGCAC-1,11.481873646237593,19.535751890570182
CGAGCCAAGAACTGTA-1,-11.626480718114635,-8.278917560766546
CGAGCCACAATGAATG-1,-9.716543277696607,-11.630730735601405
CGAGCCACAATGGATA-1,-18.79226534837726,16.293108409036126
CGAGCCACAGCCTGTG-1,16.894691106187047,-20.857325659099487
CGATCGGGTAGCGATG-1,17.751592557133417,-21.113058483619593
CGATGGCAGTGCCATT-1,16.58943594959611,-21.505745420311136
CGATGGCCATGACGGA-1,6.137123613398036,18.403414118392718
CGATGGCGTCTGCAAT-1,8.457227583999504,6.224861786262654
CGATGTATCATAAAGG-1,8.628965227877538,14.565187348824143
CGATTGAAGACGACGT-1,-13.253041404682268,-2.0304143891753723
CGATTGAGTCCAAGTT-1,12.32404145397076,-7.310286920320082
CGCCAAGCATGACGGA-1,6.409980019902825,11.918579584447132
CGCGGTAAGTGCTGCC-1,4.435989118765132,14.258388413776245
CGCGGTACACGACGAA-1,-20.944473973230767,8.281960100309057
CGCGGTATCAACGGGA-1,12.732554854613703,-6.412325729805078
CGCGTTTAGGGTTCCC-1,16.135039278723326,-18.607134694835008
CGCGTTTGTAGCTCCG-1,-8.29606746124057,-8.355269791716383
CGCGTTTTCACAAACC-1,7.503861971324894,15.293545871317392
CGCTATCTCAGCTGGC-1,3.5384973685579992,-18.158734332860185
CGCTGGACACAGTCGC-1,-15.195902593056955,19.932490226380303
CGCTGGACATCTGGTA-1,21.902236734683658,-8.64278586050375
CGCTGGATCTCGATGA-1,-9.13728218506709,-3.013308029021255
CGCTTCAAGCTAGTGG-1,16.391379141018774,-20.583552695522027
CGCTTCACATTTCACT-1,11.94490228112958,22.414311489901525
CGCTTCAGTTAAGAAC-1,8.589569642198153,-15.249524694741584
CGCTTCATCTCAACTT-1,12.48331847805108,-13.45585597157865
CGGACACGTCATACTG-1,20.854238547257584,-13.522115132684968
CGGACACTCCCAACGG-1,-6.87819045137515,-7.265127087531067
CGGACACTCGCACTCT-1,6.980026098884859,-16.263135541445344
CGGACGTAGACAAAGG-1,3.8334443431444862,-18.848080153808823
CGGACGTCACTTACGA-1,-1.7045527484845717,-14.164498259299144
CGGACGTGTACATGTC-1,14.997975010155738,21.00652714421785
CGGACGTTCAGCTCTC-1,-18.89681820491056,14.612185427350685
CGGACTGAGCTAGTTC-1,10.945072574116834,9.162382034901547
CGGACTGCAGTAACGG-1,-4.967204242349404,-16.81844969567411
CGGACTGGTGGTTTCA-1,21.59674910046909,-11.11029143903479
CGGACTGTCCTTTCGG-1,-17.627338002703386,1.0414787863787482
CGGACTGTCTCGATGA-1,9.08023516888588,6.376779749946099
CGGAGCTGTAGCTGCC-1,-17.020641628775348,17.8389398274909
CGGAGTCAGGCGCTCT-1,-19.536819701880294,6.1984512825399225
CGGAGTCAGGGTGTTG-1,-16.54599726652905,-1.3341386299963225
CGGAGTCTCCAAACAC-1,11.012858346108528,16.114954146906097
CGGCTAGCAGCCAATT-1,13.557542558196872,14.244373542169205
CGGCTAGCATCCGTGG-1,-0.6825799414869475,-9.368778289605117
CGGCTAGTCTGATACG-1,8.28114035330861,-13.155885687140305
CGGGTCAAGTCGTTTG-1,5.8354274041953635,11.854072245181097
CGGGTCAGTATCACCA-1,-6.864395659115654,-12.666253469412748
CGGGTCATCACGCATA-1,-16.046954074860185,2.4841175311828927
CGGGTCATCTGCCAGG-1,-3.6203920614142064,-9.685179389935914
CGGGTCATCTTGCATT-1,-16.75101588551483,8.687596419378522
CGGTTAAAGGTGCTAG-1,-10.059901570902806,-2.6138914051591473
CGGTTAATCGAACTGT-1,-18.056077920545423,-1.0091631084285262
CGGTTAATCTTACCGC-1,9.11663661742337,-22.362148916668655
CGTAGCGAGCGATTCT-1,9.237967074386363,8.56998633060191
CGTAGCGCAAGCCATT-1,-16.776244150310767,-1.7131914894669231
CGTAGGCTCGAATCCA-1,10.553548169436562,-13.74068824001429
CGTCACTAGTGACTCT-1,14.619240967973669,23.320972953155913
CGTCAGGAGTGACTCT-1,-6.556050826567188,-12.181432625309318
CGTCAGGCATTCCTCG-1,9.89038088362712,18.93973465562291
CGTCAGGGTCTGATCA-1,-19.859740173694554,3.1814818151960824
CGTCAGGGTGCTGTAT-1,16.764574627183265,-22.437810932167917
CGTCCATAGTGGTAGC-1,-14.102413128675789,19.819635546664482
CGTCCATGTACCCAAT-1,-8.028253097312101,-11.131517070788723
CGTCCATTCTGAAAGA-1,-21.427544138551593,15.327843261792662
CGTCTACAGCGATTCT-1,15.135891339329529,17.80076469381599
CGTCTACGTAGCGTGA-1,-15.621084492826954,1.168260382090364
CGTCTACGTGGTAACG-1,17.22371850036748,-18.282403567572953
CGTCTACTCACAAACC-1,9.59044265574391,7.321356072050046
CGTCTACTCGAGAGCA-1,-18.13710943874301,-1.3674365748119266
CGTGAGCGTATGAATG-1,9.779615695599608,8.454000109129097
CGTGAGCGTTCCCGAG-1,10.462784910808153,22.113183013645962
CGTGTAACAAGTAGTA-1,-18.429243250124284,17.86370099873128
CGTGTAAGTGTGAAAT-1,-16.774509814773385,14.214029568830878
CGTGTCTAGCACAGGT-1,11.0400151641598,-13.03302262292785
CGTGTCTCACCTGGTG-1,11.165880760268973,16.39342998775737
CGTGTCTGTATATCCG-1,8.34960120132113,-19.179526316124498
CGTGTCTTCCTCTAGC-1,-23.501792675881322,12.87394117057781
CGTTCTGCAGACGCTC-1,-15.503775483429084,10.639062022469309
CGTTCTGTCGTCCAGG-1,4.232526240591051,-12.581747156019645
CGTTGGGAGCAGACTG-1,14.72416488618433,-18.32414478227045
CGTTGGGCAATCCGAT-1,-3.503599402444159,-13.58294537780352
CGTTGGGGTACCCAAT-1,-18.979358817718612,4.606149721356391
CGTTGGGTCACTTATC-1,5.945171315201778,-17.381277314052163
CGTTGGGTCGGAAACG-1,3.0713551650021707,-17.85976669048024
CTAACTTAGACCGGAT-1,0.002811588225477197,-16.096281198989224
CTAACTTCAAAGTGCG-1,-9.916824997883701,-3.0768820835979294
CTAACTTCAACTGCGC-1,9.293789590729181,20.83300623969032
CTAACTTCACATCTTT-1,-4.860720784877693,-13.01711608201513
CTAACTTCAGTGGAGT-1,15.681263567291394,18.58722891991802
CTAAGACAGGGAGTAA-1,16.58319694643475,20.76123119172794
CTAAGACCAAGACACG-1,-14.853200277324364,7.068868872520132
CTAAGACCAAGTCTAC-1,18.82807836593462,-18.37504266211443
CTAAGACCAATAGCAA-1,-2.4322996541237663,-14.15856788405447
CTAAGACTCCACGAAT-1,-2.975724712256504,-12.229055429005292
CTAATGGCACGAAGCA-1,14.357334807841628,17.395063865953723
CTAATGGCATGCCTAA-1,1.4925433288007848,-18.308138119550392
CTACACCCATGGTCAT-1,9.572754193240073,12.638164696863381
CTACACCGTCCGAATT-1,22.856504651767285,-10.636457189073266
CTACACCGTCCGTGAC-1,-14.03445698848177,16.86080717500694
CTACACCTCGCCGTGA-1,12.172300720083625,-23.860859417630643
CTACACCTCGTGGACC-1,-7.3035287234298005,-8.963960466927187
CTACATTCATTACGAC-1,-12.323423831637346,21.555093186345555
CTACATTGTGACGCCT-1,11.243666668281701,12.148543025805797
CTACATTTCCATGCTC-1,-12.165375903059441,-3.1307152370554054
CTACCCACAACGATCT-1,20.368956095206606,-14.492044449612361
CTACCCAGTACCCAAT-1,-7.632440966072551,-14.301756294630769
CTACCCAGTGTGAAAT-1,14.324225523092137,-20.541257670080576
CTACCCAGTTCCGTCT-1,-3.630775470744909,-8.325057650624503
CTACCCATCGGCGCAT-1,9.551752203379365,-12.427722072724697
CTACGTCAGCAGCCTC-1,9.057114115635326,23.80005552862599
CTACGTCAGGGAAACA-1,-5.419363994002939,-12.959405065770682
CTACGTCCAGCGTCCA-1,-20.397106210802875,15.44515129578687
CTACGTCTCAACGAAA-1,20.07387964538437,-16.44081005016869
CTAGAGTTCGCAAACT-1,7.814120317992974,14.311453315092857
CTAGCCTAGACAGAGA-1,13.588243430569372,-11.337273733577566
CTAGCCTGTCGAATCT-1,12.585205233653245,9.886159025297243
CTAGCCTGTTTACTCT-1,7.597076056764809,-17.94942009738268
CTCACACAGAGGTACC-1,15.924621385091397,-21.603944846541197
CTCACACCATATACGC-1,-19.541446760268144,17.829451290257378
CTCACACCATTACGAC-1,-17.861151734632948,4.321637604180966
CTCACACGTCAGATAA-1,-20.290501363823495,10.762186526689526
CTCACACTCAAAGTAG-1,-10.06500916535982,-4.397634345639115
CTCAGAACATCTCGCT-1,10.518563577730426,9.827635587805515
CTCAGAATCATCGCTC-1,-20.61351543505762,8.151816134705864
CTCATTAGTGTCGCTG-1,10.809083330830513,21.519732335970225
CTCCTAGAGTAGGTGC-1,21.783123035119687,-13.079523371551796
CTCGAAAGTCAGCTAT-1,10.661459034016026,21.331002599830132
CTCGAAAGTTTACTCT-1,4.7612803829611545,20.756393180130612
CTCGAAATCGGCCGAT-1,4.242096007605589,13.703573113897244
CTCGAGGAGCATGGCA-1,-18.430147686930987,0.2155050842448238
CTCGAGGGTGCTTCTC-1,-18.144544260459956,3.654889928008679
CTCGGAGGTCCAACTA-1,19.326432052607142,-18.03021944128346
CTCGGAGGTCGATTGT-1,-20.79281490970607,10.315772091278943
CTCGGAGTCAACGCTA-1,3.4912766735924934,-12.574548935576424
CTCGGGAGTCATGCAT-1,0.08063124828800061,-10.44437164317039
CTCGTACCAGGTGCCT-1,-13.660828640585844,-5.680306137502416
CTCGTACGTCCGAATT-1,-12.49663991900948,22.681339844401496
CTCGTCACAAGCCTAT-1,0.732792895254885,-14.256333915691558
CTCGTCACAGCTCGAC-1,-20.595168931419977,15.854359054417191
CTCGTCAGTATTCGTG-1,11.422628500074934,10.98465755533785
CTCGTCAGTGCATCTA-1,13.558367727520348,-11.35199886076909
CTCGTCATCCTAGTGA-1,-1.4768942838535417,-14.122631625386694
CTCTAATGTGTTTGGT-1,4.621817686252403,12.706298235276796
CTCTAATTCAGGTTCA-1,23.182262373912234,-11.903429307156408
CTCTAATTCAGTTAGC-1,-11.742196459909817,20.76213292040948
CTCTAATTCTATCGCC-1,-15.088137355646115,-0.48874691114044666
CTCTACGCAGGGTTAG-1,-22.20351902636734,5.756815274202935
CTCTACGGTAACGTTC-1,-16.549646806914463,8.530633105746473
CTCTACGGTCGTGGCT-1,-6.772925980983644,-8.751766190681856
CTCTGGTAGTGGTAAT-1,24.347194643482474,-9.7257865888999
CTCTGGTCAAGTCATC-1,-15.604986395924982,12.762823391867993
CTCTGGTCATCACAAC-1,-18.214438109523304,5.64223211165978
CTCTGGTTCACGCATA-1,5.214392518356812,15.141029768159498
CTCTGGTTCTGAAAGA-1,18.381486950211315,-20.64899341852931
CTGAAACAGTCCTCCT-1,15.81598947614552,20.978345465156774
CTGAAACCACGACGAA-1,-2.6662859228282167,-16.25079180435347
CTGAAACTCTTACCTA-1,16.32491899821838,14.259229091334946
CTGAAGTCATGCCTTC-1,-2.685507402359476,-6.66368872177962
CTGAAGTCATTAGGCT-1,-17.732603798736967,16.956649694437335
CTGAAGTTCGCCCTTA-1,9.970709298488687,-14.889137868770016
CTGATAGAGGCATGGT-1,-5.222235906307554,-3.8240806520385746
CTGATAGGTAGCTGCC-1,-7.656065267039717,-11.90191141724931
CTGATAGTCTGTTTGT-1,23.491192971207187,-8.644845596926613
CTGATCCGTTGTCTTT-1,-17.26542268020594,4.784930117096722
CTGCCTAGTCGAAAGC-1,15.001140197286135,-18.214689905035378
CTGCCTATCTGCTGTC-1,-23.763209672665234,6.120399839803417
CTGCGGAGTTACGGAG-1,10.825528208296625,19.58814172631882
CTGCTGTGTACCGTAT-1,-22.203421185594298,14.479079062853334
CTGCTGTTCATGTAGC-1,-13.704834822474426,18.87613747826522
CTGCTGTTCGCTTAGA-1,19.616169002620865,-14.5258909208626
CTGTGCTAGTCTCCTC-1,14.708482321980632,-20.292534715622626
CTGTGCTCAGGTCCAC-1,18.4793877247357,-20.886206822441483
CTGTTTAAGGCAGGTT-1,4.235838860196083,-15.03828414887158
CTTAACTAGCCCGAAA-1,7.687468396833963,14.549547522337761
CTTAACTCAAAGAATC-1,-20.035989081143647,5.655208744803874
CTTAACTCAAAGGAAG-1,-19.343342890514204,9.592274639104609
CTTAACTCATGTCTCC-1,-18.91033700498967,6.6902230135008205
CTTAACTTCGGTCTAA-1,-13.311620624150027,21.307334918516652
CTTACCGCACACGCTG-1,-20.40637963326166,-0.49331760854844836
CTTACCGCAGTCCTTC-1,-20.224183155018416,10.460015477878152
CTTCTCTCACATCCGG-1,-2.107229169585869,-14.475565551808605
CTTCTCTCATGCAATC-1,-16.96906265032215,15.152974657292978
CTTCTCTGTAAGTGGC-1,-9.456177471917755,-11.93879591297675
CTTGGCTCACCAGATT-1,-14.415783076915357,-4.234156754817491
CTTTGCGAGTTTCCTT-1,-4.54450992423313,-15.735120803342511
CTTTGCGCAAGTAATG-1,-13.554601197562276,-6.19258236605741
CTTTGCGCACCAGCAC-1,-7.129723116360126,-14.84305353282664
CTTTGCGGTACTTCTT-1,12.216956742138958,22.618152610875292
CTTTGCGGTCTAAAGA-1,-14.116371085255427,21.83613293477016
CTTTGCGTCTCAACTT-1,-21.012094703548208,4.573063500683311
CTTTGCGTCTCCAGGG-1,-19.25882644651665,16.79587965005291
GAAACTCAGAGCAATT-1,-12.560177113936696,-1.3457472586898978
GAAATGAAGATGGGTC-1,-21.398135174393655,10.597985620235658
GAAATGAGTACCTACA-1,-12.321749699017703,-9.32184501852779
GAACATCAGCCACGCT-1,-10.760619617678255,-7.651006332871847
GAACATCCAAACTGCT-1,11.186118516328582,18.43473368507396
GAACATCGTACCGTAT-1,15.511417729808684,-23.310954129512623
GAACATCGTCAGAATA-1,-5.190286870876485,-12.931586105973917
GAACCTAAGTAATCCC-1,2.698045820692473,-16.17424864640243
GAACCTAAGTTAGCGG-1,7.280829116284352,-15.145714896897912
GAACCTATCTTGTCAT-1,-10.223065956828597,-9.27348931082083
GAACGGAAGAAACCGC-1,-0.09209731250142089,-13.265384369561653
GAACGGATCTGATACG-1,17.78345396097276,-21.71903357576626
GAAGCAGAGGAGCGAG-1,8.075944261886983,-10.585812663209396
GAAGCAGAGTCAAGGC-1,9.359871770130002,21.001984442393653
GAAGCAGGTCAAAGAT-1,22.21191603830003,-8.031407349588422
GAATAAGCAAACTGCT-1,9.796400017257799,-20.374491057675698
GAATAAGGTACGAAAT-1,-9.897769197781443,-0.30158224362441327
GAATGAATCCATGAGT-1,-16.15150708324435,20.382525071253653
GACACGCCATCCCATC-1,-2.5361521985194155,-9.422385897797774
GACACGCCATGCATGT-1,14.30864017663403,16.234450548935445
GACACGCGTACCGTAT-1,-12.026677057482239,-2.2653349856654517
GACACGCTCTCTTATG-1,25.032078804012283,-10.181311385922239
GACAGAGCAATTGCTG-1,9.389083355137803,23.15140536625108
GACAGAGGTGCGAAAC-1,-12.328721355083225,-7.890294426416956
GACAGAGTCACCGTAA-1,15.633781715849452,16.695382321867843
GACCAATAGACAAGCC-1,12.692973833984949,21.7174892444931
GACCAATGTAGGAGTC-1,-9.195679219097897,-7.823192668885945
GACCAATGTTATCCGA-1,9.897732890004384,18.066159574581437
GACCAATTCCTCAATT-1,-19.75108830842233,10.084070491213724
GACGCGTAGCGATGAC-1,-3.348012929214563,-6.0133289399805765
GACGCGTCAAGCGCTC-1,-18.746189796480287,6.647978004174079
GACGCGTGTACGACCC-1,9.073666897357512,6.983222596940894
GACGCGTGTGGTCTCG-1,11.139846204697067,20.774631388385302
GACGGCTAGATCTGCT-1,-6.8138768139154315,-0.014468385855021389
GACGGCTAGCCCAACC-1,10.168489641643616,9.992549744946686
GACGGCTAGGATGTAT-1,9.069026894504576,11.64758335279048
GACGTGCCATGTAAGA-1,-11.497957939455024,-3.20970505630079
GACGTTAAGCTGGAAC-1,-17.73873020856848,18.455880098733886
GACGTTAAGTCTTGCA-1,9.102994684982706,7.9944792282332005
GACTAACGTCTCTTTA-1,10.67148275148601,7.592338439394424
GACTAACTCCGCATCT-1,-14.763404638213139,5.3919441583031995
GACTACATCCTGTACC-1,-9.12416142289635,-10.58265224101167
GACTGCGAGTGTCCCG-1,-12.607864870467276,21.895412675295653
GACTGCGCACGTTGGC-1,6.59498828579928,15.744310689050057
GACTGCGCAGGAATCG-1,-14.532848049990884,20.231288801327228
GAGCAGAAGAATGTGT-1,6.152167893711331,-16.4968716913931
GAGCAGACATAAGACA-1,-17.735986406573456,4.708144591265613
GAGCAGACATCCCACT-1,14.352504184652076,15.495327269141008
GAGCAGAGTTCACCTC-1,5.8988217963039755,15.089655983178641
GAGCAGAGTTGGTGGA-1,11.2217671640262,-12.280743305800913
GAGCAGATCCGAATGT-1,11.875158242099715,17.37456799463811
GAGGTGATCGGTGTCG-1,-16.493572458692228,1.7978708007100979
GAGGTGATCTAACCGA-1,3.565534241151985,-15.643130759500615
GAGGTGATCTGAGTGT-1,-16.645316553554498,6.408186249385783
GAGTCCGAGCTGCAAG-1,14.187856793271266,-22.81783218141035
GAGTCCGCAGACGCCT-1,14.339362169951068,-19.932878855049903
GAGTCCGCAGACGCTC-1,6.855768440246607,-16.954174739075402
GAGTCCGGTTAGGGTG-1,14.588863973201697,-20.38856843131584
GATCAGTCAATGACCT-1,11.459760201427596,22.492300260045013
GATCGATAGAAAGTGG-1,-0.3096609975124821,-17.99674621739031
GATCGATAGCGTGAGT-1,6.047338468602238,-16.447080251269355
GATCGATGTACCGAGA-1,-16.709509647166886,1.9283452167651356
GATCGATGTAGTACCT-1,-18.76470973007681,-3.883380668831926
GATCGATTCGAATGGG-1,-17.020165380450152,3.741452875767474
GATCGCGAGAGATGAG-1,7.849617282789365,18.725904613476136
GATCGCGAGGCTAGCA-1,-19.080317579055507,1.9490310287877821
GATCGCGGTCAGAATA-1,13.248837512846976,14.260887454824879
GATCGCGTCCAATGGT-1,-7.123503300085572,-2.625326479653696
GATCGTAAGTGACATA-1,15.7672607837999,20.558816722802277
GATCGTACAAACCCAT-1,12.370552652433915,19.566951127716738
GATCGTACAGATGGGT-1,-14.320120756683401,-2.93506634551198
GATCGTATCGCAGGCT-1,-5.165723739186007,-6.125993773864004
GATCTAGAGATCCCGC-1,10.227797318859796,12.348249237882928
GATCTAGCACGAAGCA-1,-3.6374313558950075,-12.004518494537491
GATCTAGGTCACAAGG-1,-22.164605082981367,7.631005311962084
GATCTAGGTCACTGGC-1,19.289478622274977,-20.01639428925738
GATCTAGTCCGCTGTT-1,13.998973554250107,-22.03450045273182
GATGAAACAATCAGAA-1,-11.073009135961064,22.625799978314312
GATGAAAGTCGAGTTT-1,13.73763244018368,-22.639072512954993
GATGAAAGTGTGCGTC-1,-14.988400846510716,18.952527909159468
GATGAGGTCCTAGGGC-1,-13.536537082431572,21.03906803974471
GATGCTACACTGCCAG-1,-15.7321181058263,-6.120171398072457
GATTCAGAGTTACGGG-1,-16.336265950390345,-2.3603056602651744
GATTCAGCACCATGTA-1,-13.835900692779564,-7.377487460947275
GATTCAGCAGCTCGCA-1,10.151890444963588,20.987970100406127
GATTCAGGTTGTACAC-1,-1.5289419121054781,-19.40032702809093
GCAAACTAGTGTCCCG-1,19.130239141713705,-20.04285828631363
GCAAACTGTGTAACGG-1,2.285435019983745,-11.785053831153723
GCAATCAGTACGCACC-1,-18.06012293520562,1.8713614173680804
GCAATCAGTTCAGACT-1,11.998076028924158,-12.11539948147124
GCACATACATCTGGTA-1,-18.837721112296798,1.5137634756469707
GCACATACATGAACCT-1,14.457795147411963,15.028985797981234
GCACATAGTTCCACGG-1,-7.842502489271414,-5.214236060376525
GCACATATCGCACTCT-1,-15.106930764053772,-0.6666672434857304
GCACATATCTTCGAGA-1,12.997665347577916,14.327513959516391
GCACTCTAGATAGCAT-1,6.166818719818666,-17.801946553103495
GCACTCTAGGGATACC-1,9.221752083894657,23.401739095878995
GCACTCTCACGGACAA-1,13.67713699992816,-5.710443006906247
GCACTCTCATGCCCGA-1,14.944390619447573,19.415333746223304
GCACTCTTCGGCGGTT-1,9.991876944894745,10.284505409240522
GCAGCCACAATACGCT-1,10.979127878983629,15.919868240243254
GCAGCCACACACGCTG-1,-19.567650673421323,6.848690298891788
GCAGCCACATCTACGA-1,0.7654160585128345,-15.664961768191636
GCAGCCACATGTAGTC-1,-9.033189500166866,-1.0733461371439852
GCAGCCATCCAGATCA-1,5.8522101788922365,17.377698289495292
GCAGTTAAGGACCACA-1,-10.668278285545341,-6.567657876079606
GCAGTTACACCTATCC-1,8.606175272544325,-13.189096155427016
GCATACAGTCTTGCGG-1,2.489116978639957,-14.895976192057436
GCATGCGCAGCTGTGC-1,17.059481697152282,-21.243237957004308
GCATGTATCCGTCATC-1,7.434295238440653,-16.01712494562959
GCATGTATCTCTAAGG-1,-15.399518186005393,0.8898070040065571
GCCAAATCAAGCGATG-1,1.8725867262825961,-17.540059891297226
GCCAAATCACTGAAGG-1,9.915373931955594,10.620240135410079
GCCAAATCATCGGACC-1,21.215136699181564,-10.204536535551615
GCCAAATTCCACGAAT-1,7.107828785558473,-12.999185858185378
GCCAAATTCTAACCGA-1,-19.674176586183084,16.33102230560349
GCCAAATTCTCACATT-1,12.986022363795492,19.830587283354596
GCCTCTAAGACAGGCT-1,13.27610579697474,-22.855871042497853
GCCTCTACAACACCTA-1,9.458795591415033,18.93606908326981
GCGAGAACAAGCTGAG-1,-5.35573755284134,-9.19290002049914
GCGAGAACACGAAACG-1,-20.215002862856046,8.614199047239943
GCGAGAAGTAAACCTC-1,14.002809915595904,15.751021243264136
GCGAGAAGTTAAGAAC-1,-10.932905817642101,-6.58013211789563
GCGCAACAGCTTCGCG-1,-20.361185163101116,-0.3354121820760762
GCGCAACAGTGCAAGC-1,17.291916960659695,-20.091959423515057
GCGCAACCATGACATC-1,-7.7299694211287315,-8.392797709424713
GCGCAACGTTCCTCCA-1,5.549011038358008,18.28300685561038
GCGCAACTCTGATTCT-1,-16.382509271677534,6.359258566791567
GCGCAGTCAAGTTAAG-1,7.458943928630271,15.689648974483339
GCGCAGTCAGCTCGAC-1,13.947778681600692,-18.82314688322447
GCGCAGTGTTGGACCC-1,-2.8927359688242613,-12.23261426164698
GCGCCAAAGAAGATTC-1,-20.507571255711696,14.599379967676612
GCGCCAAGTTAAAGTG-1,-16.555718195099864,0.022688950163909663
GCGCCAATCCTTTCGG-1,15.452214461159791,15.47529769675237
GCGCGATGTAAGTGTA-1,18.011678185634032,-17.033612431895538
GCGGGTTAGGGCATGT-1,-19.93660075636227,14.910283121188277
GCGGGTTGTATAGGGC-1,-21.48143712691819,11.198356099106068
GCTCCTACATCTGGTA-1,2.7235842997779423,-10.737744147200068
GCTCCTATCTACCTGC-1,13.703600346626015,22.914968757766093
GCTCCTATCTTAGAGC-1,-12.740789088188201,-2.3526207524555915
GCTCTGTAGTGCTGCC-1,4.23636077133813,-18.92030021193219
GCTCTGTGTACACCGC-1,10.299436665192921,-22.795792772127484
GCTCTGTGTAGGGTAC-1,-14.439740693172064,20.039878509635294
GCTCTGTTCAACGGGA-1,3.251161161017858,-10.056988635111654
GCTCTGTTCACGACTA-1,21.865238597885284,-10.812741511465735
GCTCTGTTCAGCTCTC-1,-11.508466400177573,-8.129632578336894
GCTGCAGAGGCTAGGT-1,0.5210563648583237,-13.423465719970078
GCTGCAGCAGACGCCT-1,13.246048380119346,-21.512060947093396
GCTGCGAAGCGGCTTC-1,3.7285658844298384,-17.027056434147237
GCTGCGAAGGACAGAA-1,-19.99385390896529,4.88085250519257
GCTGCTTTCATCGATG-1,5.55040507035426,-18.83855976227843
GCTGCTTTCGCCTGTT-1,17.626749371488824,-19.08994058344655
GCTGGGTGTAGCGCAA-1,5.605533995204856,16.851149631957078
GCTGGGTGTTATTCTC-1,24.66739982681676,-9.660909680267133
GCTTCCAAGGCCGAAT-1,-18.9450385509861,14.103023947369579
GCTTCCAAGTCGATAA-1,-9.328740191695333,-3.4779120472376195
GCTTGAATCGGAAACG-1,14.611000515380915,20.67046125804708
GGAAAGCAGAATAGGG-1,11.152687822953169,-13.469120574785528
GGAAAGCAGCTACCTA-1,20.459709687619743,-17.162709162025
GGAAAGCTCAACTCTT-1,-12.31656111801121,22.195337971967007
GGAACTTAGCCAGAAC-1,12.863111772457966,-15.216437890750516
GGAACTTGTAGCTTGT-1,-19.780798791835135,19.445236765912902
GGAACTTTCATGTCCC-1,7.96381829158595,23.239537112562168
GGAACTTTCCGAATGT-1,10.118678370981314,9.686298518818818
GGAACTTTCGTCCGTT-1,-21.071968784943383,13.189237275944466
GGAATAAGTAAATACG-1,11.929607427036332,-23.224715088484466
GGACAAGAGATCCCGC-1,1.9531651691808616,-17.746042959727248
GGACAAGCATCCGTGG-1,19.63164943039505,-20.394284056009937
GGACAAGGTGCCTGTG-1,11.085001349865427,-20.545170971207384
GGACAGAAGGATCGCA-1,-16.423572857702414,10.238600529313402
GGACAGAGTGTCAATC-1,-7.999429501668029,-2.6814532646209415
GGACAGATCCATGAAC-1,18.750207401073933,-18.493876895673615
GGACAGATCCCAAGAT-1,-18.97692816445485,5.854626914842197
GGACATTCAAACAACA-1,16.785724250807338,-18.94123810995436
GGACATTCAAAGGTGC-1,-12.906632527203167,20.996494072017033
GGACATTTCAACGAAA-1,8.034350784309474,18.50945771570133
GGACATTTCTTGAGAC-1,3.85295708831877,-15.51948421161083
GGACGTCGTCCGACGT-1,14.913494933346632,19.294973690782896
GGACGTCTCGGACAAG-1,8.31333658307561,15.059616353355237
GGAGCAACACTTAAGC-1,-17.87723741648311,6.129896856890362
GGAGCAACAGCCACCA-1,7.941299890873074,23.13866467898673
GGATGTTCACGACTCG-1,-9.234314317013663,-3.326516872744915
GGATGTTCATGCGCAC-1,-18.71903965582992,19.482473062787925
GGATGTTGTGATGCCC-1,-14.818882766187153,5.356908939831238
GGATGTTTCAACCAAC-1,-18.812692974955542,15.033019016872053
GGATGTTTCTGGTTCC-1,19.58208463660744,-18.703380741757446
GGATTACGTCCAGTAT-1,9.806106575386845,7.811380987532012
GGATTACTCCGTACAA-1,-12.836484564662394,-3.641796459837807
GGCCGATAGCTGTCTA-1,-13.191835564466219,23.06500611291578
GGCCGATCACACTGCG-1,11.36495112311497,-5.450411455912898
GGCCGATCACCTATCC-1,5.644975640643832,19.717893294526814
GGCCGATGTATTCTCT-1,8.936770195535413,11.744499676209488
GGCCGATGTCGTGGCT-1,20.38195305099352,-13.585443076496997
GGCGACTGTACATCCA-1,-14.99633047991466,-5.035454154021937
GGCGACTGTGAGTATA-1,16.380542090180164,-19.577081382528615
GGCGTGTCAATGGTCT-1,-12.266980371191575,22.27911290681311
GGCTCGAAGTGAAGTT-1,9.378012470308219,9.90360442629665
GGCTCGACACAGACTT-1,22.025368275809598,-12.145572643946975
GGCTCGAGTCTTGATG-1,-13.601640426547654,-6.677448659743275
GGCTCGATCATGTCTT-1,-2.864591056016973,-18.7778553893836
GGCTGGTAGCTGGAAC-1,13.968908349055079,-20.71395078857095
GGCTGGTAGGGAGTAA-1,5.802705544499602,-12.655470800794244
GGCTGGTCAATGTTGC-1,-17.69986858492906,15.369782971846867
GGCTGGTTCTGGTATG-1,3.740132835155536,-17.0267761665905
GGGAATGAGTACGATA-1,-19.143881729172133,7.752739065544007
GGGACCTGTTCCCTTG-1,-13.959786502127093,0.7088539408401577
GGGACCTGTTGGTTTG-1,9.367150707192058,8.284240480706083
GGGACCTTCACAATGC-1,-11.118802358618842,20.861126732462285
GGGAGATTCGTCTGCT-1,-21.936104040356142,11.099983739618844
GGGATGATCCTTTCTC-1,12.135931939710474,-20.857686293589044
GGGCACTTCACCATAG-1,10.427952286028672,-20.6322737878043
GGGCATCGTCCAGTGC-1,-14.31183790918406,-2.6024373044791034
GGGCATCTCACTTATC-1,-18.65960754168671,-0.20172199736302773
GGGCATCTCGAGAGCA-1,-20.217927775214058,4.061232242153923
GGGTCTGAGTTAAGTG-1,-16.386917428663036,-4.636773239521021
GGGTCTGCATGAGCGA-1,-6.048346595445102,-5.040547999024194
GGGTCTGGTGTGGCTC-1,-19.96124501200304,18.300126111880658
GGGTCTGGTTACGACT-1,2.368524584381819,-18.434379246716077
GGGTTGCCAGCCTATA-1,12.535208257521651,15.128901094826505
GGTATTGGTGCAGGTA-1,-3.386751122423324,-18.40686686934857
GGTATTGTCAGCCTAA-1,-7.913562043536815,-4.2022659156138475
GGTATTGTCGTGGTCG-1,-3.084223794337976,-12.926872511684733
GGTGAAGCAACGATCT-1,-22.040597390649886,6.627738033844781
GGTGAAGCAGCCTATA-1,-20.190965621042615,15.091677527456696
GGTGAAGTCTATGTGG-1,-13.864083763117302,-6.833514997825551
GGTGCGTAGTCGTACT-1,-7.967842690969396,-6.998522279344124
GGTGCGTGTGCACCAC-1,-14.288944370798571,22.595072674771586
GGTGTTACACACCGCA-1,-15.728086482267788,12.582254095557214
GGTGTTACATGCCTTC-1,-11.675394305920907,-8.59364789112313
GGTGTTAGTAAGTTCC-1,-0.4687748203165122,-14.773603417255805
GGTGTTAGTGTAAGTA-1,6.21665901227824,20.773888939768337
GGTGTTAGTTACGGAG-1,14.718279705651762,20.965576899552193
GGTGTTATCAGCACAT-1,-17.711944515729318,0.5474295615763238
GTAACGTAGCACACAG-1,-0.9166897020037237,-11.353658912482246
GTAACGTAGTGAATTG-1,10.628631070035787,24.148012142882944
GTAACGTCATCGGAAG-1,9.830744248595856,-22.30419709254389
GTAACGTGTCTTGCGG-1,9.122842840788108,21.754508140741134
GTAACTGAGACCACGA-1,9.188367849070076,18.199929772809828
GTAACTGTCGTAGATC-1,8.206778478239027,11.0914616539248
GTACGTACAGCTGCAC-1,12.72254762484582,-15.025722837235751
GTACGTACATTGGTAC-1,-20.262128457955836,17.520715775302357
GTACGTATCGTGGTCG-1,-15.169975932874962,10.6015910418006
GTACTCCTCAAACCAC-1,-11.329945302646545,-4.585798117758818
GTACTTTAGCCCGAAA-1,-23.548545292739323,11.197038010346429
GTACTTTGTACCGCTG-1,7.537437756472466,11.789392080010625
GTACTTTGTCCGTCAG-1,-10.092905402258403,-7.598688006551424
GTACTTTTCAAACCAC-1,-9.58233105896559,-5.878334715001059
GTACTTTTCTAACCGA-1,-6.059922822045452,-10.29607092080947
GTACTTTTCTTTACGT-1,9.705975821107996,-13.810394971414947
GTAGGCCAGCGATGAC-1,10.358712984064104,25.546327314865422
GTAGGCCCATCGGTTA-1,-19.585934724364396,10.424488381381003
GTATCTTAGCATCATC-1,19.780665767285626,-16.70843432856182
GTATCTTTCAGTCAGT-1,15.92583984016033,22.353823330584877
GTATCTTTCCTTAATC-1,-4.8421359171898475,-16.79730466347543
GTATCTTTCTTTCCTC-1,-11.661333088910673,-3.6592741016413375
GTCAAGTCATACGCTA-1,8.234452658748415,23.58272839319244
GTCAAGTTCGGTTCGG-1,12.942518185249416,23.355072978121
GTCATTTTCACCATAG-1,18.551498925943346,-19.683299663532043
GTCCTCACACGAGGTA-1,13.10582538535303,-16.615123203330143
GTCCTCATCGCAAGCC-1,-19.74350823763349,3.4791381499814924
GTCGGGTCAGGTCTCG-1,7.905431431332405,23.684617335247186
GTCGGGTGTAGCCTCG-1,-17.236879657745675,-0.994420700228236
GTCGGGTTCAGTTTGG-1,-4.420817835056318,-8.57615687945227
GTCTCGTAGCTAAACA-1,-10.214786862099857,-5.641736200537181
GTCTTCGCACTCAGGC-1,7.057286350007469,22.558593315023955
GTCTTCGGTCGGCACT-1,-16.45178326490346,7.548068448139143
GTCTTCGGTTGATTCG-1,22.26809335941511,-6.667743480128718
GTCTTCGTCCATGAGT-1,10.336568400485447,-12.535426175927524
GTGAAGGAGAGCTGCA-1,-11.877493265931133,-2.3947107069543248
GTGAAGGCAGAAGCAC-1,-17.81055459387331,3.6035351397119886
GTGAAGGGTTGGTAAA-1,9.543536644924455,14.953712494359122
GTGAAGGTCTTCGAGA-1,14.46927511339229,14.765719290229285
GTGCAGCCACATCCAA-1,13.131487779912431,14.628143252724227
GTGCATAAGTGTTTGC-1,11.559283478035743,-5.7267103857534885
GTGCATATCCGTACAA-1,4.562762826107773,-19.39541309930726
GTGCATATCGAACTGT-1,17.058058082823397,-20.4068947271748
GTGCGGTCACACCGCA-1,-4.791614202467151,-9.963856577853315
GTGCGGTCATCTGGTA-1,15.25719741276417,-21.693366004282073
GTGGGTCGTAAATGTG-1,-5.04939123831842,-4.125234118015775
GTGGGTCGTCGCATAT-1,14.090473293677013,-13.224921632999386
GTGTGCGTCCTTCAAT-1,8.638970111162102,-12.498518064441901
GTGTTAGAGCTGATAA-1,1.4900621158848084,-10.333235430457593
GTGTTAGAGTGTCCAT-1,1.9151144187774891,-16.031936797140812
GTGTTAGGTCCATCCT-1,25.345022132665843,-10.303897546071344
GTGTTAGTCGTTTATC-1,-1.1374071848896086,-7.511216192123924
GTGTTAGTCTCTGTCG-1,7.036215972127781,16.050995666980146
GTTAAGCAGACAGGCT-1,-19.032863360649326,8.206604523276779
GTTAAGCCACATAACC-1,9.247373140526884,6.3266887471696425
GTTAAGCGTGGTTTCA-1,23.189446795477267,-9.627344435093447
GTTAAGCGTTCGTGAT-1,4.535666231101874,-15.808355556631591
GTTACAGCATTTCAGG-1,6.104728295324884,-11.089556760352215
GTTCATTCACTGTTAG-1,8.575891778030512,-20.359176098439328
GTTCGGGAGGCTCAGA-1,-17.203028943663554,5.647369681701201
GTTCGGGAGGGAAACA-1,16.646853472100865,19.71397316503669
GTTCGGGCAAGCTGTT-1,13.485710958327463,16.71999870347169
GTTCGGGCAATCCAAC-1,12.249245982139017,-19.898910799976466
GTTCGGGGTCATACTG-1,-21.173034779050937,16.124916538514
GTTCGGGGTGCAGTAG-1,-0.45424496042824936,-11.660096464536549
GTTCGGGTCGCGATCG-1,8.232946155681445,-11.625505559492618
GTTCTCGAGTACGCCC-1,-11.795001849853787,-1.1412907998999589
GTTTCTATCCGCGGTA-1,12.262555109151371,20.885693342980677
GTTTCTATCTGGCGTG-1,6.684236486724378,15.070331669295571
TAAACCGAGTATCGAA-1,22.10069569810741,-9.027373693421909
TAAACCGCATCCTAGA-1,5.614587861451393,14.103172812924466
TAAACCGGTGATAAGT-1,22.06507242465902,-10.584234301265447
TAAACCGTCTAACTCT-1,-2.5058957056724886,-7.846226204861761
TAAGAGAAGGCCCTCA-1,-4.235030579050992,-11.508092950109177
TAAGAGACATGCATGT-1,-18.90254541454982,5.5949935390365795
TAAGAGAGTACTTAGC-1,15.237834559247391,13.786330290329115
TAAGCGTAGGATGCGT-1,-1.4828243048914682,-13.771547443291556
TAAGCGTCAACTGCGC-1,1.4528533056619555,-19.24067781921457
TAAGCGTCAGCTCGCA-1,16.555988239034146,-19.76815502948139
TACAGTGAGCTGTTCA-1,10.408736907198666,8.797020697170392
TACAGTGAGTGTACTC-1,-6.986272191086658,-14.98252759744967
TACAGTGCACACCGAC-1,1.3627345258329366,-12.645361832126214
TACAGTGTCAACACAC-1,8.174180146839362,13.447973489097194
TACAGTGTCATGCAAC-1,-12.192383155189109,20.662438524483388
TACCTATCAGCTATTG-1,10.149322231877541,-14.310151847950385
TACCTATGTTCGTGAT-1,6.089324099593693,17.927841471867005
TACCTTACATAAGACA-1,11.458907663127631,-17.318515036236747
TACCTTATCCGCAGTG-1,15.120048949048307,20.904402520243114
TACGGATCACCGCTAG-1,9.165117532060574,23.863107512584424
TACGGGCCAGGAATCG-1,-4.419394147485275,-13.425170087036799
TACGGGCCAGTACACT-1,0.9298553658705346,-11.326951631598458
TACGGGCGTCGCGGTT-1,-15.350500437563422,20.822328727032136
TACGGTAAGCAATCTC-1,5.559020607585201,18.696716147588592
TACGGTAGTACCGAGA-1,-17.90370240084015,18.10581936641337
TACGGTAGTCAACTGT-1,19.94519989765022,-18.263487122000377
TACTCATAGATCTGCT-1,22.4574324665928,-7.92463558709702
TACTCATAGCGCCTCA-1,15.515372662413018,-21.068540294247956
TACTCATAGGGATCTG-1,-14.380372132519723,-0.5959298692388096
TACTCATCAGAGTGTG-1,-19.00835257502133,17.591131024535507
TACTCGCCACGGACAA-1,6.937914292215052,-17.194118680268435
TACTCGCCATGCTAGT-1,12.959687518022728,-6.497658514713496
TACTCGCTCCAGATCA-1,18.87747529336494,-17.616417831609755
TACTTACGTAATAGCA-1,-20.534750349748318,1.7114019828083682
TACTTACGTTGTGGAG-1,-11.143058093532574,-4.584855443644227
TACTTACTCCGTTGTC-1,-6.5819267694600985,-12.703639140692397
TAGACCAAGCGCTCCA-1,-15.037251550685877,3.792416294860454
TAGACCAAGGGTTTCT-1,9.246730498739437,21.613770939024523
TAGACCACATGTAAGA-1,14.836227615094787,-21.911801166438938
TAGACCAGTCTAGAGG-1,-9.757877130644053,-4.39954381375003
TAGAGCTAGCTCCTTC-1,-20.722732269820355,10.166098830504144
TAGAGCTCACGTTGGC-1,15.881671164063663,19.942965803514962
TAGCCGGGTCCTAGCG-1,-18.245136002263607,15.536168417637072
TAGGCATAGAATTCCC-1,0.7738348685829622,-13.397490083535889
TAGTGGTAGTTACGGG-1,10.996215441349143,-12.113344303438282
TAGTGGTTCATTGCGA-1,12.320595130848703,-14.523640314789732
TAGTTGGCACGTGAGA-1,-19.939873606083452,13.301436258650654
TAGTTGGCATCCCATC-1,-2.506235858111456,-9.777630646795686
TAGTTGGGTCCGTTAA-1,3.9903947504300374,13.226373019398784
TATCAGGAGAGCTGCA-1,9.227463314137811,6.020345949167547
TATCAGGAGCCAGAAC-1,11.835122377302085,-22.231215643386243
TATCAGGAGCCCAACC-1,-2.9279553526363267,-13.473773198559208
TATCAGGAGTGAACGC-1,-15.75641403677768,21.400388185723873
TATCAGGAGTTCCACA-1,-12.554449431960913,21.234231980412833
TATCTCATCCATGAAC-1,8.037485449316344,23.871448064973013
TATCTCATCCGTCAAA-1,-21.979395130559396,11.537344436172676
TATGCCCTCGGCATCG-1,8.348155927955078,-11.271726820104801
TATGCCCTCTTCCTTC-1,-16.760061302524488,17.46876602457904
TATTACCAGAGTCTGG-1,13.879850764437338,-23.05558997131022
TCAACGACAGTCCTTC-1,-2.3586848986421294,-19.136925263589262
TCAACGAGTTCCACAA-1,-16.73708678173949,18.762663024009957
TCAACGATCAGTTCGA-1,19.596384198430126,-16.82948201955769
TCAACGATCCAAGCCG-1,16.777697073440272,21.185189488620836
TCAATCTAGTTAGCGG-1,-18.162071831160326,11.541328355495255
TCACAAGAGATCTGCT-1,-19.23641757855176,15.725097590380294
TCACAAGGTCCAAGTT-1,-17.726743012627963,1.8409347913284333
TCACAAGGTCGTGGCT-1,20.02685943721273,-13.873248028808762
TCACAAGTCCGCAGTG-1,2.3357338619333943,-13.93658288289122
TCACGAAAGTTTAGGA-1,14.684795325839072,-22.272413065880357
TCACGAACAACTTGAC-1,-11.725711998089773,-3.9800883565480047
TCACGAAGTACCGCTG-1,-17.560296902464206,9.153583155326594
TCACGAAGTTGGAGGT-1,-13.101735720872803,-2.110310263156504
TCACGAATCAATCACG-1,12.991352324470657,23.548263966093824
TCACGAATCACAACGT-1,4.73004635391254,14.53207096142644
TCAGATGAGAATTCCC-1,-3.6000147998195082,-8.446282155827825
TCAGATGCAATAGCGG-1,12.596120779245927,13.0993392098068
TCAGATGGTTGTCGCG-1,9.96567642117307,-21.196676158547945
TCAGCAACATTGCGGC-1,-6.097353499467091,-3.0421242233271215
TCAGGATAGGCTAGGT-1,-6.505880305287946,-12.038246731412473
TCAGGATAGTCATGCT-1,-20.407192416804346,16.75568154992526
TCAGGATCAACGATGG-1,-6.130354450556952,-3.8688670994716268
TCAGGATCATGGTCAT-1,-6.050012024154197,-8.588730028830762
TCAGGATGTCTTCTCG-1,14.067687194448222,15.645444509209115
TCAGGTAGTGACCAAG-1,12.75612434130321,19.90264057580966
TCATTACCACCCTATC-1,8.835461534829914,-17.402399400126136
TCATTACTCAACACTG-1,5.6427884616277595,18.393586930201565
TCATTTGAGTTACGGG-1,15.48180132805573,-20.707110294989832
TCATTTGGTCTTCTCG-1,22.45502452459114,-8.06033196461562
TCATTTGGTGACCAAG-1,-16.20862480267528,-4.957239443762265
TCATTTGTCTCCGGTT-1,-9.443787037507816,-2.8548010686153864
TCCACACAGACACGAC-1,-18.757162044464334,17.238423028809706
TCCACACCACGGCGTT-1,9.199457949710851,7.047706814715809
TCCCGATCACGCCAGT-1,-5.56011927791154,-8.292988941860372
TCCCGATCATTCACTT-1,-18.15016007859991,2.470846254860349
TCGAGGCCAAGCCGCT-1,23.043854083050164,-9.00831157308955
TCGCGAGAGGGTGTTG-1,-2.3820430912283688,-18.599888500691232
TCGCGAGCACGGTAAG-1,17.448269893845563,-19.109898581818573
TCGCGAGCAGGACGTA-1,-13.733195551907725,-2.1385256870178906
TCGCGAGTCCATTCTA-1,5.0250613245251605,-17.232656023500777
TCGCGTTAGACTAGGC-1,-18.347079308330365,-1.0071636807657711
TCGCGTTCACAGATTC-1,18.6295574918801,-18.28894224702027
TCGCGTTCACCGCTAG-1,5.492485635882642,15.61660777272835
TCGCGTTTCCGCATCT-1,-18.19049157870893,16.870779780971052
TCGGGACAGAGACTAT-1,-18.35023437249845,4.676509784938667
TCGGGACGTCACTTCC-1,10.840865106446262,15.133085425859711
TCGGTAAAGTGAACGC-1,-12.999845348517491,-4.1275694544065615
TCGGTAACATAGAAAC-1,-20.219684508645173,-0.7781848115811097
TCGGTAACATGGTCAT-1,-15.198754448228671,19.786622618581333
TCGGTAAGTCCAAGTT-1,10.53677526873169,-10.865135028194217
TCGGTAAGTCTCACCT-1,17.467855517979302,-19.915972492510747
TCGGTAATCCGCTGTT-1,6.019080228059147,20.922254089126366
TCGGTAATCTGCCCTA-1,10.798994862045305,9.995599780934796
TCGTACCCAGCCTATA-1,9.516767164747309,16.408222636533615
TCGTACCGTCACCTAA-1,10.275695218915736,-17.638256192603702
TCGTAGAAGTACGCGA-1,0.7754508490014024,-17.19527126767855
TCGTAGACAATCTACG-1,10.54738820528315,21.044652893428317
TCGTAGAGTGTTCGAT-1,-1.896914678357313,-7.855889248024703
TCGTAGAGTGTTTGTG-1,-0.6705656844675812,-10.607147048402851
TCGTAGATCCGCGCAA-1,-16.594977159907415,-5.213835508857398
TCTATTGCACGGACAA-1,-14.871637114966797,-4.3388313995047545
TCTATTGGTAAGTGGC-1,10.584485484381565,11.226998821952824
TCTATTGGTAGAAAGG-1,3.836281033225014,-10.998231489115517
TCTATTGTCCCTAACC-1,-19.29023998054508,19.432348601952853
TCTATTGTCGCCGTGA-1,11.818240636676245,24.014286122018447
TCTATTGTCTATCCCG-1,7.745764090942995,11.108038934019007
TCTCTAAAGACCACGA-1,8.97553258871337,-15.380033158407496
TCTCTAAAGATCTGAA-1,18.405536595870046,-16.071275826433062
TCTCTAAGTGAGGCTA-1,13.039391386412928,-17.156917529274406
TCTGAGATCAGAGGTG-1,5.296252080819165,-13.915669233266254
TCTGGAATCCCGACTT-1,-13.229191248654262,22.491203069217946
TCTTCGGAGCTAGCCC-1,17.549423535815233,-19.499042146383193
TCTTCGGCATGTCGAT-1,10.898902592068074,-23.211572622362414
TCTTCGGGTCCTCCAT-1,-12.623527230832579,-4.67804022360035
TCTTCGGGTCTGGTCG-1,13.541582305760896,-12.580311829500442
TCTTTCCGTCGCATCG-1,10.438743647305376,10.865811951093084
TGAAAGAAGAATCTCC-1,12.319149528938057,-21.29805102003744
TGAAAGAAGCGTGAGT-1,9.31085921056481,5.964498568970901
TGAAAGAAGTGGAGTC-1,16.090227940505706,21.23981500993437
TGAAAGACATGCAATC-1,21.881681876060277,-11.238059043120671
TGAAAGAGTCCTCCAT-1,5.121373567343319,-15.142889340797767
TGAAAGAGTCTTGCGG-1,9.423108229436906,21.297326424257843
TGACAACCAATGGACG-1,17.20259568442071,-22.577231545356625
TGACAACCATACTCTT-1,7.143750272852196,22.64521428977891
TGACAACCATTACGAC-1,14.389229595120272,14.769440805802402
TGACAACTCTTCATGT-1,-10.974010882818657,-7.961897284047309
TGACGGCCATCTCCCA-1,14.931964149422264,21.462866375028582
TGACGGCCATTAACCG-1,3.444778862254733,-14.104565939291225
TGACTAGGTCATATGC-1,16.040239010888843,20.41808151020234
TGACTAGTCACAATGC-1,17.48250566273867,-18.161802318910297
TGACTAGTCATACGGT-1,-0.7089273446311908,-9.766979063370549
TGACTAGTCCCAACGG-1,-21.06938330646242,10.489593892788355
TGACTAGTCGAACGGA-1,-12.98702985954014,-8.996613881705327
TGAGAGGAGCGTTCCG-1,16.31697452688239,-18.78699514351536
TGAGAGGAGTCACGCC-1,-17.65707179590861,12.525888968471598
TGAGAGGCAAGTTAAG-1,2.0883643801945633,-14.6431216516674
TGAGAGGTCACGACTA-1,-6.051608912059169,-5.068411133367328
TGAGCATAGAATTCCC-1,8.229346952194925,10.897812328290842
TGAGCATAGACGACGT-1,-11.802605997288248,-1.6143030287134734
TGAGCATAGTTACCCA-1,-22.415197415120243,9.178222842143699
TGAGCATCAGCTGTAT-1,-1.414242846384292,-10.796575292563016
TGAGCATCATCGGGTC-1,6.373636776667146,21.50000265472992
TGAGCATGTTTGGCGC-1,10.745483687273246,23.39564107168487
TGAGCCGGTGAGGCTA-1,-12.831169869236673,21.858911831364477
TGAGCCGGTGATGTCT-1,-17.074871095534867,19.390041780642996
TGAGGGAAGCTAACAA-1,0.8544922150997251,-15.775857030533913
TGAGGGAAGGCGCTCT-1,-17.780697931480624,2.4322216445517615
TGAGGGAGTAAGTTCC-1,6.614373957226288,18.626924910212324
TGATTTCAGAATTGTG-1,11.673804715043032,9.428287768384344
TGATTTCAGCTAGTCT-1,12.64767199033087,9.868537513424629
TGATTTCAGGATGGTC-1,-3.4369090731768055,-9.733295073228676
TGATTTCAGGCAGGTT-1,-0.8178984725167706,-17.212570809779823
TGATTTCGTACGACCC-1,-20.839330498835913,8.351551695360428
TGATTTCGTCTTCGTC-1,-9.593276681910497,-6.9493610101331695
TGCACCTAGGATGGTC-1,-1.8279971331484925,-16.762861765467388
TGCACCTAGTTCCACA-1,9.3171349410092,13.034265470617514
TGCACCTCATGGGAAC-1,12.791801732747135,-20.031944506311614
TGCACCTGTTGGACCC-1,15.86530955669545,-19.341385304703802
TGCACCTTCTCAACTT-1,9.8060742481126,6.75948659100461
TGCCAAACAGCTATTG-1,5.281891179830338,20.03167734710898
TGCCAAACATTGGTAC-1,-16.48982515532944,19.58183414710705
TGCCAAATCGCCAGCA-1,6.243601304210162,-16.73187231565887
TGCCCATTCTAGCACA-1,-22.002125459640983,10.942266713154538
TGCCCTAAGTCCTCCT-1,22.37155354338321,-9.500630313357634
TGCGCAGAGTGTACCT-1,23.753633141853996,-9.725389841542546
TGCGCAGAGTTGTAGA-1,-18.60284379551451,12.243175148422202
TGCGGGTTCGTAGATC-1,7.513439926617443,20.375313024083813
TGCGTGGAGCGAAGGG-1,22.225342861935903,-10.692424504605246
TGCGTGGGTCAATGTC-1,-5.867922255453537,-8.20513743387243
TGCGTGGGTCGATTGT-1,-19.07986973769342,12.342645620234306
TGCTACCAGAAGGACA-1,-7.065869823320701,-2.8712928957201003
TGCTACCAGGCTCATT-1,9.605931496340094,-13.069003620475602
TGCTGCTAGCTGAAAT-1,9.688578959348575,8.292215361379123
TGCTGCTCAAGACGTG-1,-19.06390312746498,15.073648291461149
TGCTGCTGTCACCCAG-1,-0.6737557037675376,-16.839570021216936
TGCTGCTTCTAACTGG-1,-18.022437466616058,3.989977190078559
TGGACGCCACCCAGTG-1,20.29702320798377,-12.295175059327851
TGGCCAGCACCAACCG-1,-12.682783633539296,22.248643538609226
TGGCGCAAGGCATGTG-1,7.9708189987396745,14.116230852317797
TGGCTGGTCCTAGTGA-1,-11.36293430602135,20.539002508277257
TGGGAAGAGAGTACCG-1,8.884599847694385,9.303523531902453
TGGGAAGCAATCGGTT-1,-9.367969688554863,-10.815417533150887
TGGGCGTAGAGCCCAA-1,-3.8637510126081955,-15.1224511476567
TGGGCGTCAATCTGCA-1,-19.641053725560397,5.314864891305233
TGGTTAGGTAGCGTCC-1,0.3089426697415438,-14.082359489042519
TGGTTAGTCTGAGGGA-1,-4.49460305748688,-17.190922034821934
TGGTTCCTCATGGTCA-1,13.53051351952748,-6.4592519665451436
TGTCCCAAGAATTCCC-1,6.086254050440993,13.269585590487806
TGTCCCAGTGCAGGTA-1,-14.945846261790232,-1.6747151713288444
TGTGGTAAGTCTCCTC-1,7.3060013443825405,12.476723055251865
TGTTCCGAGAAACCGC-1,-1.844224011309204,-12.861110299641021
TGTTCCGCATGTAAGA-1,15.963435578485365,-21.60600318282795
TGTTCCGCATTCTCAT-1,-14.058488550774198,-4.060311634554643
TGTTCCGGTCCAGTTA-1,21.230552927843302,-14.223007241191441
TGTTCCGTCACAGGCC-1,-20.518946331371385,6.991045926972999
TGTTCCGTCTTCAACT-1,-4.079812567577852,-8.719174752275544
TTAACTCGTATATGAG-1,8.598547108556016,21.619531892456962
TTAGGACAGTTGAGAT-1,-10.776463150051086,-2.2693779726729644
TTAGGACTCCAAGCCG-1,9.458597792750556,-21.128021478754743
TTAGGACTCGCCAAAT-1,-15.21480296380804,2.2431855088096326
TTAGTTCAGTAGATGT-1,-9.862640223642178,-1.2147351194967844
TTAGTTCCAGACAGGT-1,-5.950238988267535,-6.254161634489016
TTAGTTCTCTTGCCGT-1,-19.74515731444085,3.397514724555038
TTATGCTAGTACCGGA-1,19.28240407058884,-20.780579962718804
TTATGCTCAGCTGTGC-1,-20.494671969000684,17.367662499485874
TTATGCTGTACCGTAT-1,-19.8400065080802,13.462277200831753
TTCCCAGAGATATACG-1,14.816102245199795,21.98285694672756
TTCCCAGAGCCAGAAC-1,8.574098924399804,20.81686778667249
TTCCCAGCATAACCTG-1,11.661933693055444,11.965277998065273
TTCCCAGTCAGCGACC-1,21.74941932081216,-9.32615427626749
TTCCCAGTCCCGGATG-1,-16.294705979122966,17.914425310675856
TTCCCAGTCTACGAGT-1,6.365611971644997,-14.623439442296496
TTCCCAGTCTGGGCCA-1,-9.281027546784474,-5.2730978607583525
TTCGAAGAGACTGGGT-1,6.6076583930504,18.82801312921258
TTCGAAGGTATGAATG-1,-19.528220210443884,13.726253363342332
TTCGGTCAGCCCTAAT-1,-5.024952519949812,-11.52960661809515
TTCGGTCAGTGAAGTT-1,-18.038264799392277,18.295484711614066
TTCGGTCAGTGGTAAT-1,-4.423895622809827,-17.04225714211245
TTCGGTCCAAGTCATC-1,4.718013258464499,-13.0834893910582
TTCGGTCCAGACAGGT-1,-6.667945752860848,-11.116731668252283
TTCGGTCTCACATAGC-1,8.313179018440444,17.815619832530764
TTCGGTCTCCAATGGT-1,10.100190316231576,18.49170098370512
TTCTACACACGAGAGT-1,-9.139508507447893,-8.130454580864715
TTCTACACATGCGCAC-1,11.699312189765056,-15.605480456524386
TTCTACAGTCGCGTGT-1,9.366834253989685,-22.487870342377207
TTCTACATCTTGCATT-1,20.92599778772048,-13.72235512934266
TTCTCAAGTAGGGACT-1,-22.59785629832323,9.611256590237945
TTCTTAGCAATCGAAA-1,-15.794345602057765,-6.324072005414101
TTCTTAGTCTTACCGC-1,-6.659603987974107,-8.865215715210509
TTGAACGAGGCTAGGT-1,13.520689356972598,-21.729419319857232
TTGAACGGTGCACTTA-1,-20.067789171656553,8.421191326312561
TTGAACGGTGTGGTTT-1,-20.41558311378232,6.521351782184388
TTGAACGTCCGCGCAA-1,6.866627901080991,-11.790332911557336
TTGACTTCAGGATTGG-1,-13.243766733329297,22.155792572983994
TTGACTTGTAACGACG-1,-13.036364580972696,19.44470411429903
TTGACTTGTCCGAACC-1,13.103776247853213,-16.6060916669227
TTGCGTCGTCGACTGC-1,2.042534291470203,-12.390562709438498
TTGGAACCAGACGCCT-1,11.620418620817327,21.7545265852736
TTGGAACGTAAGTGTA-1,20.060140239362195,-11.23324113916045
TTGGAACGTAGGGTAC-1,-14.750332997854402,1.838301243485422
TTGGAACTCGAGAACG-1,11.181917013869267,22.102938278280842
TTGGCAATCACCGTAA-1,-11.328606254642867,-8.4935753706062
TTGGCAATCACTCCTG-1,-1.0831331962997945,-12.455086523694845
TTGTAGGCACCGAATT-1,15.328046633692917,20.00034609051061
TTGTAGGGTCACAAGG-1,22.077644496397614,-11.36469602730364
TTGTAGGTCGGAAATA-1,-4.119980611940112,-15.117821104806861
TTTACTGAGGCAAAGA-1,10.553584943218484,19.420546814175264
TTTACTGCACCAGGTC-1,21.768183342973803,-11.283980518171157
TTTACTGGTGTTGAGG-1,-4.728553478316028,-9.619674238999892
TTTACTGTCAACACAC-1,-5.961158095560763,-10.272996635057185
TTTATGCAGGTAGCTG-1,-15.000927640919206,-4.723438108447174
TTTATGCGTTTGTTTC-1,-17.6804406475808,3.5057571748291583
TTTCCTCTCTTTAGGG-1,-2.5561158620888835,-9.833941160528465
TTTGCGCAGAATAGGG-1,-15.132602778726863,18.83791339646231
TTTGGTTAGTCCAGGA-1,12.858161270244578,15.492653319735291
TTTGGTTGTATCTGCA-1,12.723887462215943,22.239486911799368
TTTGGTTTCGGTGTCG-1,-9.906730895834635,-5.538259021257558
TTTGTCACAAGTTAAG-1,2.295935825657756,-15.797040143563828
TTTGTCAGTAATAGCA-1,-15.088092533382994,-2.5493465031449953
TTTGTCAGTCTCGTTC-1,-18.235477297139457,5.449623777545411
