Barcode,UMAP-1,UMAP-2
AAACCTGAGAGGGCTT-1,-8.336173289418936,-3.7070594863107793
AAACCTGCATACGCCG-1,-4.148786958730848,-11.563265988564584
AAACCTGTCTGCTTGC-1,-7.970162841282322,-11.070214541280963
AAACGGGAGCACAGGT-1,9.029500117737605,-1.7177927658373002
AAAGATGCACAGCGTC-1,-7.414702969342997,-9.892400049562157
AAAGATGCAGACGCTC-1,-9.257032035421357,-7.928555216126153
AAAGATGTCAGGCGAA-1,-9.440975633782854,-5.919474421902338
AAAGATGTCGGCCGAT-1,-3.643850183666794,-11.18508752022969
AAAGCAACAAGCTGAG-1,9.513899796162121,-0.9076142101351276
AAAGCAACAGCCTTGG-1,8.117101716873002,-2.3702275690171333
AAAGTAGCACAGAGGT-1,8.77481515300241,-1.0448305560660442
AAAGTAGTCCACGAAT-1,-9.311224569571552,-6.907580370934971
AAATGCCCATAAAGGT-1,-8.353622308761128,-9.980459322345844
AAATGCCGTGGCAAAC-1,-5.854336478893499,-2.4519031383852927
AACACGTAGGATTCGG-1,-9.454144369145183,-7.416323027287181
AACACGTAGTCATGCT-1,-2.869825650957163,-12.090855417624201
AACACGTTCCACGACG-1,-3.1827550204817454,-0.699852861091779
AACCATGAGTAGGCCA-1,-8.590560500512849,-4.295222893223009
AACCATGGTCGACTAT-1,-6.622059430838988,-2.602325729611697
AACCATGGTGCACTTA-1,8.63220385778532,-1.7433922771597834
AACCATGTCTGCCAGG-1,-4.886204152716397,-2.4286071097774617
AACCGCGAGCTACCGC-1,-9.519116765430752,-5.799879178347129
AACGTTGAGCCGGTAA-1,-8.77764127406341,-4.2587413886949195
AACGTTGAGGTAAACT-1,-5.5146683897853,-11.601097170674201
AACGTTGAGTTAAGTG-1,-9.118267872626117,-5.004026934072735
AACGTTGGTCGCTTCT-1,-6.9109470276172615,-10.829169777126069
AACGTTGTCTCTGCTG-1,-8.376017291009084,-9.187583651208085
AACTCAGCAGTAACGG-1,7.125358164149301,-4.48250048035772
AACTCCCCATCACGAT-1,-8.072883114650743,-8.7884355468975
AACTCCCGTAATTGGA-1,-8.370252547881057,-4.250086860537192
AACTGGTCATCACGAT-1,-6.745424872056114,-10.555731113291788
AAGACCTAGCAGACTG-1,-8.000814120247943,-5.910715908110568
AAGACCTCAGGACCCT-1,8.33777325501066,-2.0949743099602367
AAGACCTGTAGAAGGA-1,-9.724347031399327,-8.619820721801002
AAGACCTGTTGGAGGT-1,8.929891599293907,-2.061248728664548
AAGCCGCCAAACGCGA-1,-4.675821465935005,-11.377949708108233
AAGCCGCCAAGAGGCT-1,-9.787632722922268,-6.191765312023922
AAGCCGCTCACCGTAA-1,-8.771990552807841,-7.792530090442586
AAGGAGCAGACAAGCC-1,-8.318131793272402,-6.81266322427384
AAGGAGCAGTGTACTC-1,-2.8692260041683166,-12.181308275928886
AAGGTTCAGAGTGACC-1,-9.096765694343526,-8.122793133901961
AAGGTTCGTTTGCATG-1,9.885419870336877,-0.6348490541307665
AAGTCTGGTCATCGGC-1,-7.950054347086946,-3.1866090090442842
AAGTCTGGTGACTACT-1,7.589535465193962,-3.6886412181033226
AAGTCTGTCAATAAGG-1,-3.216272410086815,-1.5687507195843013
AATCCAGAGCCAGAAC-1,9.536332765819743,-0.6368744524269426
AATCCAGAGCGAAGGG-1,-4.874341132259948,-2.2615809893336887
AATCCAGCAAGAAGAG-1,8.335561512354676,-1.7312774601453012
AATCCAGTCATGCTCC-1,-2.893498890714223,-1.1851506052658949
AATCGGTGTACCGGCT-1,-7.583872432501852,-10.211559921268364
AATCGGTTCTGTACGA-1,-6.09341009723776,-2.471305805035699
ACACCAACATTGTGCA-1,-8.685295914195253,-6.241909399401559
ACACCAATCGTCTGAA-1,8.606889796018395,-2.06946587157819
ACACCCTAGAGCTGGT-1,-7.72323997078279,-3.7901352462630222
ACACCCTAGCTAGGCA-1,-8.254697836999657,-10.890004915810449
ACACCCTGTCTGCGGT-1,-7.9139252728374885,-3.1654212035429694
ACACCGGAGGGCACTA-1,-3.1194991393607108,-1.3291339468066075
ACACCGGCATATGCTG-1,-9.173635870472198,-6.827984552478971
ACACCGGCATGTCCTC-1,-9.474263679331292,-5.897421034194461
ACACTGAAGGCTAGGT-1,-2.8571510170142305,-1.3583649456013622
ACACTGACACATCCAA-1,6.820074499290838,-4.9204348824088795
ACACTGATCAAAGTAG-1,-6.677730150059014,-11.634128400829324
ACAGCCGTCACAACGT-1,-7.124932970566825,-11.57622367444219
ACAGCTAAGGATATAC-1,-4.144484740841957,-11.461893206609894
ACAGCTAAGGCCCTCA-1,8.608654825767932,-2.210547477443349
ACAGCTAAGGTGCTAG-1,-3.5232148428347556,-12.177272616773825
ACAGCTAAGTGTTTGC-1,-7.342189859374382,-10.811205387608341
ACATACGAGTGAACGC-1,-8.185701378320081,-9.488397619029826
ACATACGCATTATCTC-1,-9.043373570500695,-4.383716604522495
ACATCAGAGGTAGCTG-1,-9.164049401800035,-9.232658867640644
ACATCAGTCCGGGTGT-1,-7.3247558278722495,-2.8711234782711887
ACATGGTAGGAGTAGA-1,-7.508252861003384,-2.832840019363722
ACATGGTAGGAGTCTG-1,-4.451129750488227,-11.111722783632194
ACATGGTCATGAGCGA-1,-9.175556286277837,-6.317589352323287
ACATGGTGTCGCCATG-1,-4.367098516279282,-12.026205093432127
ACATGGTGTGTGAAAT-1,-6.337903605537482,-11.5936128057016
ACATGGTGTTATCACG-1,-3.046121595402529,-1.6226974565543653
ACATGGTTCCGAAGAG-1,-3.116687781035878,-1.0515385556581451
ACCAGTAAGAATGTTG-1,-8.457015411802702,-7.410864499489048
ACCAGTAAGCCAGGAT-1,-6.040329075327309,-1.7032199777503538
ACCAGTAGTACAGTGG-1,8.110239380372638,-2.583419180440621
ACCAGTAGTCGTTGTA-1,-7.950624285302481,-9.159449572774745
ACCAGTATCCTCATTA-1,-3.8167988049171666,-0.6664338743713534
ACCCACTCATATGAGA-1,-2.906866496551455,-1.091462264064494
ACCCACTTCTCAACTT-1,-5.517813057231594,-1.1973632928182432
ACCGTAACACGGTAGA-1,-6.700404991372582,-11.471642465979901
ACCTTTATCGGCGCAT-1,-8.390242998473141,-5.182191623581565
ACCTTTATCTGTCAAG-1,-8.757821365890951,-9.187083416795826
ACGAGGAAGAAGGTGA-1,-3.9431237704403497,-11.923833241742178
ACGAGGAAGGTAGCTG-1,-8.663989258430759,-4.030173244570437
ACGAGGACACGACGAA-1,7.088250044769386,-4.367053983912414
ACGAGGACAGCTTCGG-1,-8.595470912061367,-6.766759160833128
ACGAGGAGTAGGGACT-1,-4.013520222473391,-2.0425269970899356
ACGAGGATCGTCGTTC-1,7.3253387428910175,-4.091773413349641
ACGAGGATCTTGACGA-1,-9.45622549531215,-7.58211562843599
ACGATACCAATCGAAA-1,-3.1949483944716097,-11.91297635242102
ACGATACGTCACCTAA-1,-8.072380757234107,-4.827361589280331
ACGATACGTCTAAACC-1,-9.792849781827806,-7.313753926719916
ACGATGTAGCCTTGAT-1,9.6921645935092,-0.10518064142069451
ACGATGTCAGGTTTCA-1,-7.135871223903544,-11.604543959110696
ACGATGTGTTTGTGTG-1,-7.382057119921716,-11.172197687434041
ACGCAGCAGCCACGTC-1,10.470438215333255,0.5392654441497793
ACGCAGCAGTTGCAGG-1,-8.960547139857404,-8.392661361044794
ACGCAGCGTGGTACAG-1,8.829556933271371,-2.265654466871132
ACGCCAGGTCCGAATT-1,-8.897000250100223,-4.015552647862122
ACGCCAGGTCGGGTCT-1,-8.610788878598322,-4.171451498601559
ACGGAGATCGCGCCAA-1,-8.851825421820159,-4.523445192347495
ACGGCCAGTCCATCCT-1,-7.727276778265907,-4.183850441427321
ACGGCCATCCAAACAC-1,10.072328491326482,0.4393122501257527
ACGGCCATCGGAGCAA-1,9.248587424558941,-0.43704902757875036
ACGGGCTAGATATACG-1,-9.717749532556173,-7.751864271401212
ACGGGCTAGCCCTAAT-1,7.0363064714314785,-4.492406854770189
ACGGGTCAGCTGCGAA-1,-5.722799440141168,-11.685289339754133
ACGGGTCCAGGATTGG-1,-8.882261622863462,-9.106272630010006
ACGGGTCTCTGACCTC-1,7.625420325575778,-3.5432432875051862
ACTATCTAGTGGGCTA-1,-3.587725738694059,-12.335542841488364
ACTATCTGTTAGGGTG-1,-7.845458699437089,-3.9013265212287807
ACTATCTTCCGAATGT-1,-4.082549319025708,-11.836966083997718
ACTGAACCAGGCTGAA-1,7.779670987144202,-3.410041621870397
ACTGAACCATCGGAAG-1,-4.111763949452146,-11.233531400513597
ACTGAACTCCGTAGGC-1,6.874180154282463,-4.731280208298791
ACTGATGAGATGCGAC-1,-6.411290209843962,-2.5370630056605794
ACTGATGTCAAACCAC-1,-8.54739784352997,-9.850746593255929
ACTGCTCAGCCCAATT-1,-3.653614986930111,-1.3096615177491207
ACTGCTCAGGGTGTGT-1,-7.913825669276937,-3.8092285563877213
ACTGCTCCACGCATCG-1,-8.954333324597753,-4.239299805867539
ACTGCTCGTAGCCTAT-1,-3.569959038643754,-11.50113287438942
ACTGCTCTCCAGAAGG-1,-4.5950676565147734,-11.599297972819308
ACTGTCCAGACACTAA-1,-8.397465204120811,-6.697644261412184
ACTTACTAGCTCCCAG-1,-4.005248266559004,-2.0762586815880137
ACTTACTTCATGCTCC-1,-8.291238685541005,-10.172933757584344
ACTTACTTCCGTTGTC-1,-4.4834623598108205,-11.077100825498079
ACTTACTTCGCACTCT-1,-9.447068264071051,-7.250234783712002
ACTTGTTTCTGGTGTA-1,-8.35227712399351,-9.635588647327067
ACTTTCAGTAGCACGA-1,-9.235919102664775,-7.358433975683349
ACTTTCAGTGCACTTA-1,-3.185597285676448,-0.6315532608240042
ACTTTCATCGAATGCT-1,-3.6727839344107163,-11.38489395213061
AGAATAGAGATGTCGG-1,-3.2629254417526328,-1.56410796856113
AGAATAGGTTCCCGAG-1,-6.32177500855372,-11.033502943129383
AGAATAGTCCATTCTA-1,10.13532312967592,0.3408417944682285
AGAATAGTCGCTTGTC-1,-5.4147222969761355,-2.1215847373207737
AGACGTTAGGCGTACA-1,8.38489678818689,-1.566556081015901
AGACGTTAGGTCGGAT-1,9.349921064257494,-1.2663339069099977
AGAGCGATCTCTAAGG-1,9.520448212590779,-0.47175058146220006
AGAGCTTCAGTTCATG-1,-9.605414529167717,-7.141367190938231
AGAGCTTTCGCAAGCC-1,-9.555488832820894,-8.789581942327018
AGAGCTTTCTTGTTTG-1,-9.147257218556472,-8.288718350973626
AGAGTGGGTACCGAGA-1,-3.0679714326330076,-1.3113090247795574
AGATTGCAGCGAAGGG-1,-7.075441143117049,-10.246887101453664
AGATTGCTCGGCGCAT-1,-8.033308697614713,-3.292685252473081
AGCAGCCCACGAGGTA-1,-7.753184774909472,-3.4889548568246496
AGCAGCCTCGTTTAGG-1,-8.539682586115097,-9.056573970150247
AGCATACAGCTGAAAT-1,-9.00644159457827,-9.971465358982229
AGCCTAAAGACTCGGA-1,-8.652350187216706,-9.633084623145868
AGCCTAAGTGCAACTT-1,-9.377256822444686,-9.866651469936487
AGCGTATCAACTTGAC-1,8.390281326564233,-2.392255169436212
AGCGTATCATCTCGCT-1,8.605101771953542,-2.4319251125808687
AGCGTATGTATGCTTG-1,8.14057519956871,-2.8221662726398775
AGCTCCTGTACAGTGG-1,9.825758643793323,-0.25424118987369393
AGCTCCTGTGCCTGGT-1,-8.920949872063723,-10.050380260568655
AGCTCCTTCAACTCTT-1,9.923729589343099,-0.5747228054106094
AGCTCCTTCATAACCG-1,-3.9664677033747306,-1.5259908874497512
AGCTCTCAGCAGGTCA-1,-5.032108532524733,-2.271815301219247
AGCTCTCCAGTGACAG-1,-3.6511525050627016,-1.22703710759989
AGCTTGATCAGATAAG-1,-7.668866793797008,-3.6779156669959208
AGGCCACAGATGCCAG-1,-8.669671487953499,-10.167986092304503
AGGCCACGTAGCGATG-1,-8.13250278735924,-4.2685214398699225
AGGCCGTTCCCTGACT-1,-9.615621338492389,-6.998400499956461
AGGGATGGTTGATTCG-1,-8.261551629765057,-10.618133475875142
AGGGATGTCTTGTCAT-1,-6.5647108680669195,-11.60532502873495
AGGGTGAAGGTACTCT-1,9.647483843201526,-0.8313745066532017
AGGGTGAAGTGTTGAA-1,10.162031933179232,0.40903398956281356
AGGGTGATCCTTCAAT-1,9.678930643287194,-0.9902252837924517
AGGTCATCATTCGACA-1,-3.847051464670007,-12.047535880113395
AGGTCATTCACATAGC-1,-5.4961243616544095,-2.178731480012548
AGGTCCGAGAGGACGG-1,-4.511994803291537,-11.603042203548204
AGGTCCGCACGAAATA-1,-6.716254704155932,-2.6658591470670387
AGGTCCGCATGATCCA-1,-8.847044497404033,-4.8328144649589335
AGGTCCGTCCTTTCGG-1,-8.311471292502963,-7.987910528345597
AGTAGTCCATTTGCCC-1,-8.241869703325584,-4.39942793425747
AGTAGTCTCTTATCTG-1,9.458621924813222,-0.9627764536697019
AGTCTTTCATAGAAAC-1,-6.441095321131141,-10.947161284103933
AGTCTTTGTGCACCAC-1,-7.242495748352907,-10.24557268442915
AGTCTTTTCAACGAAA-1,-9.7825210230443,-7.134218257995118
AGTCTTTTCGAACGGA-1,6.607704158311372,-4.964940793389294
AGTGAGGAGATCCGAG-1,-7.111674950576094,-3.060216559294802
AGTGAGGAGCTAACTC-1,-8.391145044051362,-7.955973235725836
AGTGAGGCAACGCACC-1,-9.61535735849632,-7.845588591490638
AGTGAGGCACCAGGTC-1,-8.417421075359167,-9.408440774296075
AGTGTCAGTTCCTCCA-1,-9.398930922867379,-8.030014918806694
AGTGTCATCCTACAGA-1,-7.967036179856687,-3.9233548628541595
AGTTGGTAGACGACGT-1,-8.864406563129142,-10.447468078403503
AGTTGGTAGCTGGAAC-1,-5.283728556711299,-2.356075835972147
ATAACGCAGCGTGAAC-1,-8.712760019472126,-7.396254438386409
ATAACGCAGCTAAACA-1,-8.801075644631302,-8.233553885041584
ATAACGCAGCTGTTCA-1,-8.992070511646654,-4.7063631576935565
ATAACGCCAATCAGAA-1,-8.932335496601358,-8.91467268627231
ATAACGCTCGTGGGAA-1,-9.080901269815064,-6.323717247385601
ATAAGAGAGAACTGTA-1,-7.753270385886679,-3.9228008681751683
ATAAGAGGTTACGCGC-1,-9.214196970630283,-9.56730986572105
ATAGACCCAGCGATCC-1,-9.155123578848075,-7.237894679149055
ATAGACCTCGCAAGCC-1,-6.962099028740554,-11.389121268106848
ATAGACCTCGGATGTT-1,9.367032768533901,-1.2045202709660878
ATAGACCTCTGCGGCA-1,9.564688427553552,-0.8294559842069976
ATCACGAAGTAACCCT-1,-5.2788652428028655,-11.886543914877807
ATCACGACAAGCTGTT-1,-8.843683501914144,-9.297970380639017
ATCACGAGTGTGCCTG-1,-6.827112223780323,-10.469376218137594
ATCACGATCCTCTAGC-1,9.551594461494743,-0.9486272172441429
ATCATCTGTAGCCTAT-1,-8.858540178606809,-10.042192030463038
ATCATCTGTTACCGAT-1,-8.620892156873602,-10.217073246635689
ATCATCTTCGCTGATA-1,-7.266478757685645,-11.396720756200729
ATCATGGCAAGAGTCG-1,9.247146525887484,-1.1545525629244688
ATCCACCAGACTAGAT-1,-3.426025012921357,-1.3366594795693643
ATCCACCTCACTATTC-1,-8.702074065764826,-10.544175224920467
ATCCGAACACATCTTT-1,-2.721904656280939,-11.910660206728432
ATCCGAAGTGCCTTGG-1,8.953254999911294,-1.8588237637470832
ATCGAGTCAAGTAATG-1,-6.620560374916074,-11.00873612442458
ATCGAGTGTCGTCTTC-1,-6.779496222977022,-11.269568500883603
ATCGAGTTCAAGAAGT-1,6.684545976653641,-4.853502267082778
ATCTACTGTAATAGCA-1,9.215860602626346,-1.3904217087699289
ATCTGCCAGCAATCTC-1,-5.366916052081793,-2.273407825349808
ATCTGCCCACCATGTA-1,-9.965742619516387,-7.284360420830285
ATGAGGGGTAGCTCCG-1,-6.767195545233782,-11.659519946414862
ATGAGGGTCTGGGCCA-1,9.381670220725491,-0.8207553481206993
ATGCGATTCTCTGCTG-1,-9.324206116868096,-5.466874256155354
ATGGGAGAGAAGCCCA-1,-9.435251904499331,-9.317503798829504
ATGGGAGAGTCTCCTC-1,-8.279020002077223,-8.996705010884483
ATGGGAGAGTGTGAAT-1,-9.056331391844374,-9.661172698475163
ATGGGAGGTGGGTCAA-1,10.19473094736455,-0.1392812766701221
ATGGGAGGTTCGCGAC-1,6.994991672629291,-4.48636063892969
ATTACTCAGCGAGAAA-1,7.982730677620272,-2.894080246074166
ATTACTCCATTAGGCT-1,10.37278275655345,0.5918974271808151
ATTACTCGTAAACCTC-1,-7.718409908748868,-3.1419921769358137
ATTACTCGTAACGCGA-1,-8.950624207508438,-7.860688435199858
ATTACTCGTAATCACC-1,9.893486152576381,-0.02055900065668416
ATTATCCGTACCTACA-1,7.697810583876923,-3.445441080245889
ATTATCCTCACGCGGT-1,-3.907224665583937,-1.9611607764812564
ATTCTACGTCTAAACC-1,-3.95930255080419,-2.031580803326821
ATTCTACTCCGCATAA-1,8.199829378688571,-2.5629138887275245
ATTGGTGTCAGGTTCA-1,-4.484768068538333,-11.303030445935821
ATTGGTGTCGCATGAT-1,-9.337107547875377,-9.1755338273283
ATTTCTGAGATCTGCT-1,-7.592361166613323,-9.67193317703391
ATTTCTGAGCTTATCG-1,-5.574831531361478,-11.506717351855414
ATTTCTGAGTGCGTGA-1,-5.075137606829274,-11.439881060105852
CAACCAAAGTGCGTGA-1,-9.14547348741663,-6.229004936510079
CAACCAACATGAACCT-1,-8.373397272704189,-8.759624184297024
CAACCAAGTAGGAGTC-1,-9.013374801626808,-8.590114589115139
CAACCAAGTTGGGACA-1,10.220005495507023,0.1819281148863355
CAACCAAGTTTAGCTG-1,-8.72797159322469,-7.727433047534217
CAACCTCAGGCTACGA-1,-8.750954839994877,-9.155360238990555
CAACCTCGTCTAAAGA-1,-9.6852462161781,-8.095513036239613
CAACCTCTCAACACCA-1,-7.436520066829818,-11.13348692671599
CAACCTCTCTGGCGAC-1,9.153473416463665,-0.47396274045590997
CAACTAGGTGGAAAGA-1,-7.846261190006635,-9.22189252438786
CAACTAGGTTTACTCT-1,9.776026841846482,-0.3629868771252391
CAAGAAAAGGTAGCCA-1,-5.732819401987909,-11.30403287051654
CAAGAAACAGCGTAAG-1,-3.608926642132463,-0.6161119618554074
CAAGAAACAGTGACAG-1,-9.247231659447683,-9.463421334064632
CAAGATCAGCCAGTAG-1,-9.243637387788624,-8.076961640794531
CAAGATCCAAGCCATT-1,10.363984029341978,0.4809306463029588
CAAGATCCAAGTTGTC-1,-3.5305200451418473,-11.434033195428931
CAAGATCGTAGGGACT-1,-4.564182062532516,-11.352702269464544
CAAGATCTCCAAATGC-1,-7.78171584474786,-11.093004730097046
CAAGGCCGTATAGGTA-1,10.33807798755865,0.2915955842126742
CAAGTTGCAGAGCCAA-1,-3.8394501736105657,-12.230253908666494
CAAGTTGGTTGTGGCC-1,8.803056043839744,-1.2540987008785538
CAAGTTGTCCCTGACT-1,-4.385097211680058,-1.6213267105096638
CACACAAAGAAGATTC-1,-8.000023999900108,-10.257960197731558
CACACAAAGACAATAC-1,-4.147454724332483,-1.621728836186785
CACACAACATGAACCT-1,-8.142078246950277,-4.983525293698221
CACACAAGTCCGAAGA-1,-7.065638307764045,-10.740889081174812
CACACCTGTTTGACAC-1,-6.566095870082347,-2.4048022228745216
CACACCTTCATGCAAC-1,-8.264010890195367,-4.564456940526836
CACACTCAGCGATTCT-1,-8.680022717188054,-9.020912828122485
CACACTCCAAGCGTAG-1,-8.133077107422743,-5.17625001249945
CACACTCCAGTCTTCC-1,-4.140103129634446,-11.402911196077353
CACACTCTCACCAGGC-1,-6.5465375053138315,-11.271015994658697
CACAGGCAGCTATGCT-1,-3.4265786471369433,-0.5568504505710706
CACAGGCGTCCAGTAT-1,-9.13764376416626,-9.793005757461229
CACAGGCTCTCGAGTA-1,10.405025779820935,0.3371551462987128
CACAGTAAGCTACCGC-1,8.445430445707851,-2.5558871771221763
CACAGTAAGTGTCCAT-1,7.951997898665519,-3.1409086054778905
CACAGTACAAACTGTC-1,-9.60145482955199,-8.406349537720844
CACAGTAGTCCCGACA-1,-9.01049875137432,-7.1209839584888615
CACATAGGTACGCTGC-1,8.721221823223198,-2.1658539286244616
CACATTTAGGAGCGTT-1,-4.858400784198687,-2.3447047089942696
CACATTTCATTAGCCA-1,-9.064557587591876,-7.170415805528794
CACATTTGTTACCGAT-1,9.158232098103877,-0.8023063169377052
CACCACTCAAGCTGAG-1,-8.093213715362944,-11.045757737526738
CACCACTTCACAGGCC-1,-8.715010728363175,-9.286136238299434
CACCACTTCATTCACT-1,-6.450594172955259,-10.69333857961291
CACCAGGCAAGCTGAG-1,-5.161057221484009,-11.609157695699931
CACCAGGGTCCAGTGC-1,-8.693878860964372,-6.590713973680052
CACCAGGTCCGAACGC-1,-7.935709123832044,-10.005545701698578
CACCTTGCAGGTGCCT-1,-4.651867318841879,-11.663003398099182
CACCTTGTCTATCGCC-1,-7.783051006086655,-10.7302892942347
CACCTTGTCTTTACAC-1,-5.561121380935505,-11.479268288316506
CACTCCAAGTGGAGAA-1,-3.95665250522051,-11.2851451570674
CACTCCACAAAGAATC-1,-8.44309497667367,-4.655964662857181
CACTCCAGTCGCATCG-1,-6.262348175670893,-11.089191205798734
CACTCCATCTTACCGC-1,-3.6990283446067336,-12.133056842541208
CAGAATCCATGGTAGG-1,-6.760676319771794,-11.413203977137277
CAGAATCGTAAACCTC-1,9.464696598232266,-1.1151033291768755
CAGAATCGTCCCTTGT-1,-8.573521533172327,-10.547977240621485
CAGAATCTCCTGCCAT-1,9.327361264580874,-0.33862545428814395
CAGAGAGAGAACAACT-1,8.94607708332904,-1.3246713297980672
CAGAGAGGTAGATTAG-1,-9.1623689399772,-6.6632253802313
CAGAGAGTCAAACGGG-1,-4.839299516271461,-12.144952444000976
CAGAGAGTCTTACCGC-1,-9.789938848202807,-7.3842436927853194
CAGCAGCAGGAACTGC-1,-7.950539497058327,-3.3099609340877043
CAGCAGCCACGACTCG-1,-8.140682977329817,-4.439146843684719
CAGCAGCGTAACGCGA-1,-8.42849857439848,-10.045224184652302
CAGCATAAGGACACCA-1,-6.714425883389599,-11.552560580226281
CAGCATACATCACCCT-1,6.5833992368966205,-5.040894178466168
CAGCATACATTCTCAT-1,-3.5645685282852893,-12.088521299748157
CAGCATAGTAGCACGA-1,8.728281973556056,-1.5023297904706496
CAGCATAGTATCGCAT-1,-8.109760342892656,-10.111465029545709
CAGCATATCAATCACG-1,-9.228516817536844,-7.42312940929777
CAGCATATCGACCAGC-1,7.276576500436914,-4.28132359196687
CAGCATATCGGTCTAA-1,-9.630701650967893,-7.26485690723275
CAGCCGAAGATCGATA-1,8.048195605981228,-2.380377128711694
CAGCCGAAGGGTATCG-1,-9.193662649108406,-9.699674277001069
CAGCCGACAAAGGTGC-1,-7.429855644123222,-10.405664515041675
CAGCCGACATATGCTG-1,-8.672941105870112,-6.78354781622469
CAGCCGAGTTTCGCTC-1,7.962181315634577,-2.941873031547188
CAGCTGGAGCAGACTG-1,-8.691177380930606,-9.844864082843266
CAGCTGGCAAGGACTG-1,7.911610716437111,-3.0231687442912243
CAGCTGGGTACGCACC-1,10.052094232099808,0.4231836336811641
CAGCTGGGTGCTCTTC-1,-9.215055546794867,-6.877345419295324
CAGCTGGGTGGAAAGA-1,-8.154547709104355,-10.912667596052579
CAGCTGGTCGGCGCTA-1,-8.724217433951216,-4.179187495505855
CAGGTGCCATGTCTCC-1,10.041453155163799,0.19918702385998902
CAGGTGCGTGCAGTAG-1,-9.57047989801076,-7.559405498301641
CAGGTGCTCGCACTCT-1,-3.9399248297340344,-1.6886715286360936
CAGTAACAGGAGCGAG-1,9.072688757786995,-1.030898449714484
CAGTAACGTCGCCATG-1,-9.985428467008447,-7.521850653920435
CAGTAACGTTCCACGG-1,-9.4552359484762,-8.5010697880463
CAGTCCTAGAATTCCC-1,-8.496266664197849,-4.143641046735531
CATATGGAGATCGGGT-1,-3.268731740504795,-11.480098886917045
CATATGGTCCTTTCTC-1,8.752574303628437,-1.576177431585609
CATATTCCAGTAAGAT-1,-7.416015115413682,-11.43681061194908
CATATTCTCAATCTCT-1,-8.675088478805362,-10.01556226013958
CATCAAGGTTAGAACA-1,-3.0507175200153522,-11.82471189863839
CATCAAGTCGGCGCTA-1,6.983623629631564,-4.412621149417736
CATCAGAGTCCGAGTC-1,-7.390145129739833,-10.744683356438092
CATCAGATCCATGAAC-1,-4.336756262227751,-12.042689236318058
CATCAGATCCGAATGT-1,-3.0014629246255558,-1.167323560173212
CATCCACGTGTGGTTT-1,-3.5528410758373026,-1.211463246450401
CATCCACTCAAGAAGT-1,7.726812658153306,-3.4293925647783743
CATCCACTCCGCTGTT-1,-8.535391613457264,-4.713235501003629
CATCGAAGTTTGGCGC-1,9.165494433588163,-1.2249291623817957
CATCGAATCACGGTTA-1,-8.851662790892531,-7.6105684296348635
CATCGAATCCTCATTA-1,-5.742323223333587,-2.1989892312235155
CATCGGGGTACCGGCT-1,-8.490228596052676,-7.739700342836936
CATCGGGTCAAAGACA-1,-6.721429174373725,-10.533126686543625
CATCGGGTCAAGGTAA-1,-9.317150335422841,-9.617739779425188
CATCGGGTCAGTTAGC-1,-8.313865410042961,-10.568273069261279
CATCGGGTCTACCTGC-1,-7.897073276290129,-4.080870055743959
CATCGGGTCTTTACAC-1,6.775691980426792,-4.810067506507379
CATGACAAGGTGTTAA-1,-7.080621359601116,-10.601284052183404
CATGACAGTTCCGGCA-1,-3.3782355428497413,-1.0546139745386809
CATGCCTCACAGGCCT-1,10.096768097441313,0.5154442525104
CATGCCTCATAGGATA-1,-5.1281374005309575,-11.975339973164791
CATGCCTGTGTTGGGA-1,-9.515510717904174,-7.773001484023981
CATGGCGAGAAACCTA-1,-9.828088626479618,-7.523019012432142
CATGGCGAGCAAATCA-1,-5.082340852528518,-1.0852929393701751
CATGGCGCAAGACGTG-1,-7.181548443057381,-2.6655741706297236
CATGGCGTCGTGGACC-1,7.619169639563591,-3.625177206077379
CATTATCGTCCGCTGA-1,-2.8181435821958782,-11.75243753418045
CATTCGCAGGCTAGAC-1,-9.197004303174097,-4.963141840170742
CATTCGCTCTACTATC-1,-5.452537920936521,-11.486870036746211
CCAATCCGTCTTGATG-1,10.390269309897466,0.20258213668324604
CCAATCCGTTGCTCCT-1,10.41287159235831,0.5081148874604866
CCACCTACAAAGCGGT-1,-5.031927983521784,-12.044651830354796
CCACCTACAGTAGAGC-1,-8.308946502679573,-4.03280947864221
CCACCTAGTTACTGAC-1,-7.17378093808626,-2.733601213563666
CCACGGAAGAAGGGTA-1,-7.898119730016007,-3.6226514390566416
CCACGGAAGCCAGTAG-1,-4.288881242576535,-2.0252215654422407
CCACGGAAGTATGACA-1,-5.457787234716251,-11.3804963876691
CCACGGACAATCAGAA-1,-9.526370977092418,-6.895504493487378
CCACGGACACCAGATT-1,-3.308409606737276,-0.6390533732886848
CCACGGACATCATCCC-1,-6.009344364255292,-2.365398848859727
CCACGGAGTAGCTCCG-1,-7.545410541657588,-10.69250365682896
CCACGGATCAACGGCC-1,-6.5534758707534895,-2.593993133828004
CCACTACAGCCACGTC-1,-3.298927612459604,-0.8248888720545485
CCACTACCAATACGCT-1,8.809755602094524,-1.5602958153845887
CCACTACCACCAACCG-1,-9.239910887647447,-7.423806844334968
CCATGTCGTACAGTTC-1,-3.50124488484628,-1.8231972292096568
CCATGTCGTAGTAGTA-1,-4.115055338514528,-11.814083708899213
CCATGTCTCGCGTAGC-1,-8.26275056135302,-9.67926624825928
CCATTCGAGAGTACCG-1,10.214623562180861,0.2886228075138693
CCATTCGCACAACTGT-1,-7.7053419782606944,-11.165172296202767
CCCAATCAGGTGATAT-1,-2.991773868305715,-11.75784642156647
CCCAATCCACCAGGCT-1,-4.526910216529676,-2.153910533165733
CCCAATCGTACAAGTA-1,-4.023732476202545,-1.8011866447624043
CCCAATCGTCGAATCT-1,-7.843834261314575,-3.2396223497015124
CCCAGTTAGGCTATCT-1,6.669198301360412,-4.937589509731478
CCCAGTTAGGGTCGAT-1,-9.208407897278944,-4.622002095621467
CCCAGTTAGTACGTTC-1,-4.745576554598059,-11.412212397161033
CCCAGTTGTATCTGCA-1,-4.403949495075498,-11.498250326811132
CCCAGTTGTGACGCCT-1,-3.3238041009105714,-12.286763297934002
CCCAGTTGTTTGGGCC-1,-3.783690899049683,-2.0447593591813615
CCCAGTTTCTAGCACA-1,-7.841867239468006,-4.528680369557737
CCCATACAGTGAACGC-1,-8.13293894640077,-9.768408182132463
CCCATACCAAGTTGTC-1,-3.1791590448965374,-11.47852684462801
CCCTCCTGTCTGCAAT-1,-4.171846824301726,-2.034082076051629
CCGGGATCATCCTTGC-1,-3.403995608749693,-11.52275214589845
CCGGGATTCATCGGAT-1,-9.08546504808502,-6.708877178335337
CCGGTAGGTAACGTTC-1,-4.573982418130262,-11.43576600809697
CCGGTAGGTTACGGAG-1,-5.042129894036656,-2.415856752366619
CCGTACTAGGTGATAT-1,9.555602698885089,-0.6801537998489282
CCGTACTGTCGGGTCT-1,-9.414312323829854,-6.941259131018822
CCGTACTGTGCCTGGT-1,-3.0630619555836462,-0.940943500912162
CCGTGGAAGATTACCC-1,-7.165178045608279,-2.880063896349724
CCGTGGAAGTAATCCC-1,-9.544596729670108,-7.801069105553219
CCGTGGACACATCCAA-1,-8.732214301799344,-10.503606159542723
CCGTGGACACTCGACG-1,-8.934700949322178,-8.850031340283717
CCGTGGAGTACATCCA-1,-8.169798982044037,-4.056619706336374
CCGTTCAGTCTAGCCG-1,-4.248153338514815,-2.1774872639213703
CCTAAAGGTTGGGACA-1,-6.580310452094345,-10.789198930247506
CCTACACCACGGATAG-1,-6.429672350033159,-10.85696067530292
CCTACACCAGCTGTAT-1,-4.359842893108531,-2.2468007309050724
CCTACACGTCCAGTTA-1,-5.187093381704188,-2.2397043362658806
CCTACACGTTTGCATG-1,-3.5734135335304464,-12.231654901708929
CCTACACTCCGCGCAA-1,-7.176326293826051,-2.5092433763646516
CCTACCAAGAGACGAA-1,7.044558511939408,-4.721927529150948
CCTACCAAGCTAGTTC-1,-8.437989803080892,-3.4721460307503667
CCTACCAAGTCGTACT-1,-8.92511092678939,-10.04018789410781
CCTACCACATCTCCCA-1,10.126849468344686,-0.16189898810694844
CCTACCAGTCTAACGT-1,-3.208462431067083,-11.689476595696933
CCTACCAGTTTGCATG-1,10.223890953052315,-0.12791828135873656
CCTACCATCGTCCAGG-1,-9.271108745437342,-6.850229692651993
CCTAGCTAGTCAAGCG-1,-9.240919963230839,-7.1553572846906945
CCTAGCTCAGCCTTTC-1,7.931796666578134,-2.78760560434543
CCTAGCTCATTACGAC-1,-8.057056987573777,-4.274401417654058
CCTATTAAGACTAAGT-1,-6.907015422267117,-10.715436900203809
CCTATTACATGAGCGA-1,-9.158111741797294,-4.319708132340442
CCTATTAGTACGCACC-1,-4.9422461180522035,-2.013115877275946
CCTATTATCACCACCT-1,-7.665311416207885,-10.450770992436746
CCTCAGTAGACAAGCC-1,-8.704391136156733,-7.565442783692844
CCTCAGTTCGGAAACG-1,-7.494004601357026,-3.3886965079529894
CCTCTGAAGAATGTTG-1,-4.359384200775832,-11.859365546919449
CCTCTGAAGACTACAA-1,-6.2725126711486645,-11.521988782559747
CCTCTGAAGAGTACCG-1,8.847054412315073,-0.9662117545389185
CCTCTGACAAGTCTGT-1,-9.053218151644273,-6.482818183458438
CCTCTGACACAGTCGC-1,-7.27252722929868,-2.579770976053241
CCTCTGAGTGCCTTGG-1,-9.236154032104999,-4.444755925393349
CCTCTGATCCCAAGAT-1,9.02051969955228,-1.1209811903049882
CCTCTGATCGAACTGT-1,-8.399051559220517,-5.096117621377501
CCTTACGAGACAGAGA-1,-2.930768527971875,-11.725606770869351
CCTTACGCAGACGCTC-1,-8.437588427209947,-3.9143970180251473
CCTTACGCATGCCTAA-1,9.778107543845728,0.1509916109190732
CCTTCCCAGACTACAA-1,8.753017604253413,-1.1442965043408
CCTTCCCTCAGCGATT-1,7.268947146105866,-4.039829710009672
CCTTCGACAGTAGAGC-1,-7.079026924360223,-10.755486198816413
CCTTCGAGTACATGTC-1,-8.720192680752747,-6.400834569787327
CCTTCGAGTTCACCTC-1,-5.9623635311146606,-11.584829756158202
CCTTTCTAGTTTAGGA-1,-3.9514699115411895,-12.215179175967847
CCTTTCTTCCCAAGTA-1,-4.900027502367327,-11.785905751157221
CGAACATGTAGTAGTA-1,-7.687458452055982,-11.205403671642124
CGAACATTCCCTTGCA-1,-8.52144824478372,-4.466526054063936
CGAACATTCGCCATAA-1,-3.4432509594895127,-1.2867937471742623
CGAATGTAGCGTGAGT-1,-7.412432784139449,-10.281584613551077
CGAATGTCAAGTCATC-1,-4.158924752094324,-1.7577110803737166
CGACCTTAGAGGTTGC-1,7.495559567449828,-3.7926558283929506
CGACCTTAGCTAAACA-1,10.309011294373128,0.4393504786547692
CGACCTTTCAACGAAA-1,-8.44244532665588,-10.431383584554581
CGACCTTTCAGGTTCA-1,10.25104813492642,-0.1930656474429595
CGACCTTTCTTAGCCC-1,-7.105762626594713,-2.645838297799932
CGACTTCTCGGTGTTA-1,9.650240005420752,-0.6306516442250761
CGAGAAGAGAGCTGCA-1,-9.225003258701602,-6.296072823401219
CGAGAAGCACTCGACG-1,-3.505501529412266,-12.167293883980383
CGAGAAGCATAGTAAG-1,7.174379762405095,-4.1523887913160475
CGAGCACAGGGATACC-1,-6.957387154935025,-2.7297363417625147
CGAGCACCAAGTTAAG-1,-7.370978511235904,-11.019100468267709
CGAGCACGTCGCATAT-1,-9.2339002529327,-4.788260429116668
CGAGCACGTTCGCTAA-1,-3.0980535432182763,-1.2495267774484065
CGAGCACTCGCTGATA-1,-9.280957970099472,-9.182114418438404
CGAGCCACAGCTGGCT-1,-5.230012874855598,-1.970353940964034
CGATCGGAGACAAAGG-1,-8.42205205433793,-3.5415402398468796
CGATCGGAGTGCTGCC-1,-5.176753058158871,-11.975224659363928
CGATCGGAGTGGGTTG-1,-2.808677991837442,-12.157039659208344
CGATCGGCACTTAACG-1,-4.984564723822804,-2.2257740075389183
CGATCGGCATAGGATA-1,-8.648992281166183,-8.586843422077337
CGATCGGGTAAAGTCA-1,-8.601529997182308,-5.378629589540234
CGATGGCAGCGTTTAC-1,-8.010462560992499,-10.279544066214081
CGATGGCAGCTCCTCT-1,-9.826900802372966,-7.018974872321594
CGATGGCAGTGCTGCC-1,-7.076379873844106,-9.726935144892545
CGATGGCCAACTGCGC-1,-7.997670116712273,-9.4350656611291
CGATGGCCAGCTGCAC-1,8.510075171033257,-2.4222949743375612
CGATGGCGTCGAATCT-1,-8.625691023036968,-8.238343400377692
CGATGTAAGGGAACGG-1,-8.128534230227771,-4.649310714207533
CGATGTACATGCCTAA-1,-6.383785307167933,-11.439626825152876
CGATTGACAACCGCCA-1,-3.2878680402952836,-1.4416548981959219
CGATTGAGTCAAACTC-1,8.974101725370762,-0.9401128486438995
CGATTGATCCTTTACA-1,-7.750709039251437,-3.227417919813485
CGCCAAGAGGGCTTCC-1,-3.167340272559824,-0.807641989040915
CGCCAAGGTTCCTCCA-1,-2.961392763585956,-11.920622923722016
CGCGGTACACCGCTAG-1,-3.855754027641766,-11.4888448979834
CGCGTTTGTATCACCA-1,7.694857815284949,-3.5163033503385828
CGCGTTTGTTGTCGCG-1,-6.499190897306916,-10.819260033471261
CGCTATCGTCGCGTGT-1,-9.268892369716797,-6.167203670137108
CGCTGGAAGACAGACC-1,-4.257269762284507,-2.0648660913827577
CGCTGGAGTGACGCCT-1,-6.985382880506466,-11.240191254831048
CGCTGGATCACCCGAG-1,6.994962507297841,-4.526978850447804
CGCTTCAGTACAGTTC-1,-3.6107234441878697,-12.0616813790465
CGGACACCATCTCCCA-1,-8.046529650901546,-8.612031001913513
CGGACGTCAAACGCGA-1,-4.319869919797398,-12.189959769951667
CGGACGTCAGGAACGT-1,-6.806354123584432,-11.209754879049193
CGGACGTGTGTGACCC-1,-8.882579422563138,-5.675912886644815
CGGACTGTCACCTCGT-1,-8.974473978296814,-7.726900997673305
CGGAGCTAGACAGAGA-1,-8.895328439929276,-5.990562108911516
CGGGTCACACTTAAGC-1,-3.0724682300312267,-1.479308262900343
CGGGTCATCCTAGAAC-1,-9.237742669163298,-6.305719976236438
CGGTTAATCAACACCA-1,-5.50864323266956,-2.3298564414502616
CGTAGCGAGGAATGGA-1,10.059326361749473,-0.026793508227106556
CGTAGCGCACAAGACG-1,-8.91511802927518,-7.396132535935985
CGTAGCGGTCCTCTTG-1,8.75279133484716,-1.8365186790787718
CGTAGGCAGTCGTTTG-1,9.94706712317154,-0.5710376317828061
CGTAGGCCATCCGTGG-1,-8.340467391022804,-4.973335703010658
CGTCACTAGTACCGGA-1,-5.1611305547410575,-11.4077584930047
CGTCACTTCGCAGGCT-1,-8.764001955380637,-5.1029938970761295
CGTCACTTCTTAGAGC-1,-6.826409438286994,-10.731845051317785
CGTCAGGAGATGCGAC-1,-8.933939214125877,-9.709750073715611
CGTCAGGGTAAGTAGT-1,6.714724522453856,-4.872644097523573
CGTCAGGTCAGGCGAA-1,7.922511728053257,-3.056697134107958
CGTCCATAGACAGACC-1,-7.118524305240907,-10.753231482102555
CGTCCATGTAAATACG-1,8.969602628223807,-1.2452489613009297
CGTCTACCACTCAGGC-1,10.444598228884335,0.5641440439589106
CGTCTACCATTCCTGC-1,-8.070747626585723,-4.452710483893384
CGTCTACGTCAGATAA-1,-7.447043730030621,-10.557234726655121
CGTCTACTCAACGAAA-1,9.15017080969336,-1.4814051893732854
CGTCTACTCCTGTAGA-1,-9.051537820200357,-4.0842384949558745
CGTGTAAAGACCTTTG-1,-8.571650683142206,-7.0174104063154115
CGTTAGACAAGAAAGG-1,-6.791305045146415,-11.467302723003957
CGTTAGACACATGTGT-1,-5.77127395321723,-11.591708437348622
CGTTAGATCACCAGGC-1,-9.100075458623527,-8.636624873418878
CGTTAGATCGCTTAGA-1,-8.686552192567591,-7.215842163379655
CGTTCTGAGGGATGGG-1,-9.52026550666097,-6.868185840567705
CGTTCTGAGGTTCCTA-1,-6.828275848703902,-11.15498774721286
CGTTCTGGTGCTTCTC-1,-3.6794865798880085,-1.4902012870797774
CGTTCTGGTGTGGTTT-1,8.02973492089873,-3.0492824470918376
CGTTGGGAGCAGGCTA-1,-9.911657511962993,-7.647165180449789
CGTTGGGGTAGCGCTC-1,-5.710458404806939,-11.801902835784285
CGTTGGGGTCTTTCAT-1,-9.091277116695728,-7.874446875350919
CTAACTTTCTCACATT-1,-7.980534623986981,-10.449602936800757
CTAAGACAGTGGACGT-1,-5.7660829274452405,-11.51471078308669
CTAAGACCAATGCCAT-1,-8.0902287779128,-4.893340457677101
CTAAGACCACCAGGCT-1,-5.973051973525069,-11.585704403597767
CTAAGACGTATCACCA-1,-5.343021352971498,-11.957850575253323
CTAATGGCACATCTTT-1,9.394813561803407,-0.6980950683341793
CTAATGGGTCTTGCGG-1,-4.911857198787068,-2.3721181979531796
CTACACCAGGGCATGT-1,-5.687838620034648,-1.3566668865084157
CTACACCCACTATCTT-1,-6.98424304691517,-2.489602639093535
CTACACCCAGCGTAAG-1,10.349120735090896,0.26477459119708857
CTACACCCATCCGTGG-1,-8.4197815903868,-9.044391259760669
CTACATTTCCCAGGTG-1,-7.759478258281186,-10.80574172794266
CTACCCAAGGTCATCT-1,-3.16596257612373,-1.2321387433361146
CTACGTCCAGCGTTCG-1,10.125569703733218,-0.2100640235585696
CTACGTCCAGGATTGG-1,-5.4608577958485665,-11.810480349821997
CTACGTCCATTACCTT-1,-9.143744096507664,-6.547494104521898
CTAGAGTAGATCCCAT-1,-3.811028345764872,-1.6763509435088706
CTAGAGTCATCATCCC-1,8.619408216980684,-1.7981002984532337
CTAGAGTGTATAATGG-1,-3.9063315776499805,-2.110190377018549
CTAGCCTGTATGAATG-1,-8.386313333307854,-8.830390487032163
CTAGCCTTCAAGAAGT-1,-9.11262633179131,-4.5855430196526825
CTAGTGACAGTATCTG-1,7.0600235316703355,-4.638270324520192
CTAGTGAGTTGGGACA-1,-4.016889666107046,-12.12847985682201
CTCACACCAAGTTCTG-1,-8.980935518610647,-7.757508895988169
CTCACACGTACAGTGG-1,-7.8312939381465885,-10.340996228528958
CTCAGAACAGCCAATT-1,-9.454550741663223,-9.583950098054322
CTCAGAAGTACAGCAG-1,-7.566069411277285,-11.050456714832182
CTCAGAAGTCTCCCTA-1,-3.131688705731097,-12.454220838797495
CTCATTAAGAGCTGCA-1,-8.873935603503222,-10.384877187426422
CTCATTAGTAAGGGAA-1,-2.9520389664435926,-12.089814447400993
CTCGAAAAGGGAAACA-1,-7.308018750610269,-2.807917787076321
CTCGAAAAGTTCGCGC-1,-9.562764592206737,-8.931708389982413
CTCGAGGCAGTCGTGC-1,-3.412337191181459,-12.378423496205444
CTCGGAGAGCCACCTG-1,8.897223723661659,-1.283965932628801
CTCGGAGCAAGCTGTT-1,-8.416505210170145,-7.559562428648784
CTCGGAGGTTCACGGC-1,9.777616190165945,-0.7989380536317026
CTCGGGATCAAGGCTT-1,-7.683749414216659,-9.753041417454872
CTCGTACCATCGACGC-1,9.953579834462118,-0.4977234909774976
CTCGTCAAGCCCGAAA-1,-3.5346434292662243,-0.9314484325260713
CTCGTCAGTACCGGCT-1,7.419067426976766,-3.8758242860917798
CTCGTCATCATGCATG-1,-4.067139436393638,-1.5830288783354913
CTCGTCATCATGCTCC-1,-3.8832982236645033,-11.595218858189288
CTCTAATAGCGCCTTG-1,-7.5184146968268735,-3.4151265732834237
CTCTAATAGTCGTACT-1,-4.5585523971387785,-1.7321860114514795
CTCTAATCAAGGTTTC-1,-6.721087732059073,-10.726477462791014
CTCTAATCAGTAAGCG-1,-4.053582486188945,-2.1266025501002424
CTCTAATTCCCGGATG-1,8.062888940338983,-2.4368552099020158
CTCTACGAGAGTCGGT-1,-7.157401591575735,-2.788686841044668
CTCTACGTCGCTAGCG-1,8.5831858753778,-2.4100594333344465
CTCTGGTCATGGTTGT-1,-8.659931972827346,-6.401299704438213
CTCTGGTTCGGCCGAT-1,9.153863795268073,-1.4110400209992744
CTGAAACCACTCGACG-1,8.51072407522715,-1.781694556051373
CTGAAACCACTTCGAA-1,-8.805637614999558,-10.312940717238192
CTGAAACCAGAAGCAC-1,-2.794413528806751,-1.2430814078541688
CTGAAACGTAAGTGGC-1,-9.252021317800823,-5.811156024912348
CTGAAACGTGAGGCTA-1,-8.901508730463638,-8.96701462504911
CTGAAACTCACTTATC-1,-7.90087071968567,-4.466827939952316
CTGAAACTCTACTATC-1,8.604097370232838,-2.1646611565001965
CTGAAACTCTGTCCGT-1,8.185593773478411,-2.1925268681195673
CTGAAGTGTCAAAGAT-1,-7.28656009737839,-2.6056453577773397
CTGATAGAGGGAACGG-1,9.794513926726328,-0.660543840461572
CTGATAGCAGGCTCAC-1,8.521504812901993,-2.214122969491525
CTGATCCAGAGACTAT-1,-5.206460923720496,-11.443934476082227
CTGATCCAGTGAATTG-1,-6.729179046921058,-10.597579466967158
CTGATCCTCCAACCAA-1,-5.582929638223927,-2.290907419668231
CTGCCTAAGAGTGAGA-1,-8.780655356313027,-8.286991987168246
CTGCGGATCCCTTGTG-1,-7.80006993629846,-9.40323352538007
CTGCTGTAGTCATCCA-1,-8.153121536343503,-9.084119728375589
CTGCTGTTCTCGGACG-1,-5.527384548051683,-1.278906182540889
CTGGTCTCATAGAAAC-1,-6.833954356684553,-2.6146821784843515
CTGGTCTCATTGGGCC-1,10.265593739150882,0.1619105935974925
CTGGTCTGTGTAAGTA-1,-7.365517514910216,-10.164033639958802
CTGGTCTGTTCGTCTC-1,-8.708148703960113,-6.433582520387915
CTGGTCTTCGACCAGC-1,-7.831548397991555,-10.347537109977642
CTGTGCTAGTGTACGG-1,-8.454808898443146,-7.225315754200534
CTGTGCTCAAGTAGTA-1,-8.427322633938944,-8.309381783890533
CTGTGCTTCCCTAACC-1,-3.1791846663974015,-0.9717399401375703
CTGTGCTTCTCTAAGG-1,-4.054974884104477,-11.796220712861041
CTGTTTACAATGGTCT-1,-6.598000582806429,-11.133185410623785
CTGTTTACACCAACCG-1,-9.81619005727163,-7.176580288994497
CTGTTTACATGGTCAT-1,-5.397826742057653,-11.463543774982867
CTGTTTAGTAGCTTGT-1,-8.89616130343361,-7.052073708838724
CTTAACTTCCAGGGCT-1,-5.229554066631061,-2.2507163276391466
CTTACCGAGACAAGCC-1,-7.047834473517939,-2.43228513735135
CTTACCGAGACCCACC-1,-7.875461373720651,-10.898880936018998
CTTACCGCATAGAAAC-1,-8.521284392672461,-6.989489362662572
CTTAGGATCGCCATAA-1,-9.233911395933594,-8.432842039296453
CTTCTCTAGCTAGCCC-1,-3.2292993469592974,-11.978882161691919
CTTCTCTGTACGACCC-1,9.91596569188319,-0.5735154083078084
CTTCTCTTCCAAGTAC-1,-2.989955240579379,-11.468380743955418
CTTGGCTGTATCACCA-1,-2.851074264190719,-11.976492180720467
CTTGGCTTCACAACGT-1,-7.987240949291268,-9.472033793103252
CTTGGCTTCATCTGTT-1,-6.672646770210643,-10.818248243718285
CTTGGCTTCTTATCTG-1,-8.001656383755568,-4.642368869818136
CTTTGCGAGAGGTACC-1,9.764587911521886,-0.499461224336657
CTTTGCGGTTGCGTTA-1,-4.991825876095916,-2.3563780432411456
GAACATCAGAAACCGC-1,-9.51844886185713,-8.823387561713012
GAACATCCACGAAATA-1,7.4165618634873605,-4.103210354722509
GAACCTAAGCGTGTCC-1,-6.917192706290833,-10.856289487815914
GAACCTAAGTCGATAA-1,-3.789363496414212,-1.476546227823454
GAACCTACAGTAGAGC-1,-3.153087940719018,-12.359114552286494
GAACCTAGTTAGTGGG-1,-8.485648376593705,-7.7629755237289775
GAACCTATCGCGATCG-1,9.800376868789407,0.12574604723651384
GAACCTATCTGCTTGC-1,9.379656241136278,-0.9965876760022969
GAACGGAAGTGTTAGA-1,-9.2128199121371,-6.32404594083162
GAACGGACACTTGGAT-1,8.84665499654458,-2.0612016445354473
GAACGGACAGGCTGAA-1,-8.248219736505705,-10.152762394247874
GAACGGATCTTGAGGT-1,9.700985582193507,-0.6367100586811739
GAAGCAGTCGTTGCCT-1,-9.66375756060422,-7.9609678094208585
GAATAAGCAATCGGTT-1,9.266488179365094,-0.5108271188275134
GAATGAAAGCTTATCG-1,-4.066357640228143,-11.406198459351394
GAATGAATCAACGGGA-1,6.920314362087742,-4.656124474784064
GAATGAATCATCTGCC-1,-8.35100714003523,-5.845349524508543
GACACGCAGATATGCA-1,-7.068249816588137,-2.7059050648173013
GACACGCAGATGTAAC-1,-3.316376443366185,-1.3028931089584466
GACACGCAGTTTGCGT-1,9.96220494057607,-0.669102039905053
GACACGCGTGAGGGTT-1,-3.305968059339877,-0.9831190026535537
GACACGCTCCATTCTA-1,-4.401745891957501,-11.924155014597936
GACAGAGAGTGTCCAT-1,-9.230437260712945,-6.078827669369843
GACAGAGCATATGCTG-1,-8.376778365082016,-4.557438466951079
GACAGAGTCATCACCC-1,-9.091111572721033,-4.675220322929816
GACAGAGTCGCTTGTC-1,10.391341297945106,0.2337843140652499
GACCAATGTTGCCTCT-1,7.286035255278845,-4.194984416026658
GACCAATTCAGTCAGT-1,-8.564628204352177,-3.9533979897405285
GACGCGTAGCATCATC-1,-8.947594179530757,-7.051238062398424
GACGCGTGTTCGAATC-1,-8.92293115233867,-4.296670696522731
GACGCGTTCGAATCCA-1,-4.45242580837444,-1.8193211418986281
GACGTGCAGCGATGAC-1,9.310235054380257,-0.6300730844759918
GACGTGCCATGGATGG-1,-4.435565164086673,-11.971454054506376
GACGTGCGTGCTCTTC-1,10.194183738975777,0.5001543400106615
GACGTGCTCTCACATT-1,-8.882562742121953,-4.075674958205778
GACGTTAAGATGCCTT-1,-8.467347025667019,-9.058051672237916
GACGTTAAGGGAAACA-1,-9.530527548202851,-6.57631798567674
GACGTTAGTCAAGCGA-1,-7.707006033393801,-9.623198090798798
GACGTTATCACCTTAT-1,-8.078765867247379,-4.176642629032316
GACGTTATCTTTACAC-1,-3.1290234279837166,-11.74459320007321
GACTAACCATCCTTGC-1,-8.111015098575804,-3.4161413258032276
GACTACAAGAGGTTGC-1,-4.381352696108174,-11.62670060395374
GACTACACACCGTTGG-1,-8.296729726833558,-4.487367327422879
GACTACAGTATTCGTG-1,-3.717186445996259,-11.169341345215907
GACTACATCGCTTGTC-1,-7.206422437460381,-10.47816673239891
GACTGCGAGTCAAGCG-1,8.21201485569351,-1.9686403340655503
GACTGCGAGTCACGCC-1,-8.65227537960512,-9.449129702256856
GACTGCGCATGCTAGT-1,-9.562446882365702,-6.4438069493254275
GACTGCGTCCCTGACT-1,7.24019604654722,-4.530203092492952
GAGCAGAAGACTAGGC-1,-8.680576495898535,-4.9986251011956755
GAGCAGAAGCCAGAAC-1,-8.25319096635263,-3.935583584600492
GAGCAGAGTTACGACT-1,-7.771388522360333,-10.373997857398397
GAGGTGAAGGCTCAGA-1,-3.072079894149223,-11.691017583926309
GAGGTGACATTCTCAT-1,-8.86886930622552,-7.410923734307347
GAGGTGAGTTCGCTAA-1,-3.3561178328624943,-1.8774666288491366
GAGGTGAGTTGGTTTG-1,9.589904019084257,-0.11161268397281494
GAGGTGATCCTGTAGA-1,-8.309133007381572,-9.368506570980536
GAGTCCGTCAACTCTT-1,-9.74195522614953,-8.62999682383458
GATCAGTGTCTACCTC-1,-8.194384218650546,-4.3820463397131615
GATCAGTGTTCGTGAT-1,8.838832280625788,-1.099346205443505
GATCAGTTCGACGGAA-1,-8.562872241655404,-3.463368457418384
GATCGATCATTCCTCG-1,-7.21361459384738,-2.5231382077322926
GATCGTAAGACAAGCC-1,9.618952706881787,0.027343331595004936
GATCGTACAGATGAGC-1,-7.845054712308692,-11.290770169423963
GATCTAGTCGCCTGAG-1,-6.924074374302813,-10.463865929002182
GATCTAGTCTGCAGTA-1,-5.0890390262614105,-11.999946845234907
GATGAAACATCACAAC-1,-6.565648796082528,-10.663557546365617
GATGAAAGTCAATGTC-1,-8.122322916315667,-3.990242742300035
GATGCTACAGGGAGAG-1,10.427279540818203,0.4393204477693147
GATGCTAGTAAGTGTA-1,-6.258547863860859,-11.105592162026007
GATGCTAGTCTTGCGG-1,-8.089093892383218,-3.3805861944062383
GATGCTATCCTCAACC-1,8.15520303284349,-2.515423041860419
GATGCTATCGGCCGAT-1,-7.656474398375477,-10.060829633967256
GATTCAGAGTGTACCT-1,6.744457467130003,-4.895960964320146
GATTCAGCACCAGATT-1,-3.4825978867846996,-12.269492164629971
GATTCAGGTGATGATA-1,-2.6073402142696542,-11.619964342211384
GCAATCACAGGCTGAA-1,6.890495563467666,-4.7224006242289205
GCAATCAGTAGCGCAA-1,-6.381542631757187,-10.947357994040031
GCAATCATCCCATTTA-1,-9.44237955643165,-5.871598706825924
GCACATAAGCTGCGAA-1,-8.814690272148539,-7.346941481023854
GCACATACACATAACC-1,-9.54318508566761,-7.213044242873491
GCACATACAGCGTAAG-1,-8.86279126278632,-6.7868138961620605
GCACATAGTCTTCGTC-1,-4.2833692206545,-11.254865748011914
GCACATAGTGAAGGCT-1,-3.380528599421858,-1.6842280212792842
GCACATATCTCGGACG-1,-8.111713198955186,-4.054020555609012
GCACTCTAGAGCTTCT-1,-8.698949003959775,-4.668098859390872
GCACTCTAGTTAACGA-1,-4.126968785417351,-1.4945841045465345
GCACTCTCATGCATGT-1,-9.309517365135335,-9.197192614361278
GCACTCTTCGGACAAG-1,-8.397400986740768,-4.141281829027508
GCAGCCAAGTAGGCCA-1,-9.435713491834225,-7.523892371498305
GCAGCCAAGTGGTAGC-1,-9.656596642041727,-9.05367557578607
GCAGCCACACAGGCCT-1,-5.318659046781555,-2.511534752519702
GCAGCCACACCCATGG-1,8.947629014095787,-1.7549578365984533
GCAGCCAGTAATCACC-1,-8.819739554382611,-9.106935117032625
GCAGCCATCTTTAGGG-1,10.255605371530661,0.5217194252389651
GCATACATCCTTTCTC-1,-5.837698996024682,-11.077683277030369
GCATGATAGCTAACAA-1,-4.673655490502871,-2.0459876005287785
GCATGATCACCAGCAC-1,-9.997159940172276,-7.450691033474456
GCATGATGTAAATGTG-1,-7.304233236395284,-11.300267866279501
GCATGATGTACTCAAC-1,-7.9016451527632094,-9.96466164585451
GCATGATGTGTTGAGG-1,-5.048700740070942,-2.352845516930302
GCATGCGCACCACCAG-1,-5.968776447276341,-11.407223730511658
GCATGCGGTATAATGG-1,-4.790142980107016,-11.26567752189669
GCATGCGTCACGGTTA-1,9.361414206723833,-0.48769657634567737
GCATGTAAGTGAATTG-1,-9.0096236116318,-7.960347107502733
GCATGTACACGAAGCA-1,7.574744971058219,-3.783102224130133
GCCAAATCAGGTCCAC-1,-6.918464959668642,-2.5545029288590686
GCCTCTAAGGCTACGA-1,-2.9339241672794176,-12.389478198928412
GCCTCTATCCCAGGTG-1,-2.511002537757701,-11.660581640327829
GCGACCACACATCCGG-1,-9.152160687793584,-5.551435829692017
GCGACCACAGATGGCA-1,-9.39987029124955,-8.214073052469375
GCGAGAAAGTAAGTAC-1,10.478795929530069,0.21642861859113258
GCGAGAAAGTTAACGA-1,-8.403097855400677,-8.834295184423373
GCGAGAACATGAACCT-1,9.90853291573174,-0.3216919644929398
GCGCAGTAGCCGGTAA-1,-8.619954442164607,-3.857749332267908
GCGCAGTTCTTACCGC-1,-8.45965326546685,-10.099330676740237
GCGCCAAGTAGAGTGC-1,-8.728729396042686,-7.063464702502419
GCGCGATAGTTCGATC-1,-8.305218167952638,-5.441492025147316
GCGCGATCAATTCCTT-1,-4.815828307135264,-2.174395029411825
GCGCGATCACCATGTA-1,-8.767859496717621,-5.09581647293635
GCGCGATCAGGACCCT-1,10.185433254590304,0.26288891408498205
GCGCGATTCGGCATCG-1,-8.62965047662827,-10.051833427308328
GCGGGTTAGAGGGCTT-1,-8.69246669203022,-5.5175345871539285
GCGGGTTTCCATGCTC-1,-2.965017677578051,-11.561024084644252
GCGGGTTTCCGGCACA-1,-9.522837905331796,-7.6863905055273385
GCGGGTTTCGGCCGAT-1,-3.1311936789172776,-12.287329887548783
GCTCCTAGTAGCGCTC-1,10.394713578117601,0.5164254312837052
GCTCCTAGTTGTTTGG-1,-8.696177765613896,-4.883855768866388
GCTCCTATCGGTCCGA-1,-3.271999876740549,-1.3444413732143488
GCTCCTATCTTCTGGC-1,-2.8124803406458603,-11.849581634913381
GCTCTGTCAAGCGATG-1,-6.4035678731855254,-11.512391661856707
GCTCTGTGTTTAGCTG-1,-9.076252329766263,-7.305168164818833
GCTGCAGCACATAACC-1,-4.194789685978565,-12.08011674394097
GCTGCAGGTCAAGCGA-1,8.522329859185575,-2.584437683377412
GCTGCAGTCACGCGGT-1,-8.8298311321246,-9.207394354813411
GCTGCAGTCGTACGGC-1,-7.723478647441253,-3.241741275946841
GCTGCGAAGCGATGAC-1,-3.2703945039895386,-0.6564754602901764
GCTGCGACAGGCTGAA-1,7.630864113786552,-3.6198926717449877
GCTGCGACATATGCTG-1,-9.042725588726043,-4.7974068337097036
GCTGCGATCCACGACG-1,10.0575506216313,-0.05609653259198073
GCTGCTTGTCTTGATG-1,-7.411534358927896,-2.758076916691127
GCTGCTTGTGAAGGCT-1,6.600618085779711,-5.0575940755440465
GCTGGGTAGCGTTCCG-1,-9.223955590224287,-4.6750271568153785
GCTGGGTTCGGCTACG-1,-9.345098969197547,-7.359347873889297
GCTTCCACAATGTTGC-1,-7.214989564336636,-9.965533980122999
GCTTGAAGTACGAAAT-1,-9.317129390256179,-6.147266129944843
GGAAAGCAGACAATAC-1,-8.641980689201725,-9.308296967802667
GGAAAGCCAAGCCGTC-1,-5.584441749985892,-11.671968478094774
GGAAAGCGTAGCGCAA-1,-2.7996733996179164,-1.2711389519784555
GGAAAGCGTATATGAG-1,7.4835162035737275,-3.8186801919218376
GGAAAGCGTCAATGTC-1,-3.508321694348553,-1.666419568107748
GGAACTTAGTCTCAAC-1,-9.383108870650593,-6.305151707096684
GGACAAGAGTGTTGAA-1,6.894253871814342,-4.610141259917633
GGACAAGTCTGCAAGT-1,-8.845356319409577,-8.052915994245984
GGACAGACAAGAAGAG-1,-3.0352946869632667,-0.9779317641931068
GGACAGACATCACCCT-1,-8.729762443993994,-6.502103157727316
GGACATTTCATCGCTC-1,-8.96114621696455,-5.758638794699615
GGAGCAACATGTTGAC-1,9.897931391245391,-0.7432662201317386
GGAGCAAGTGTCAATC-1,8.826920423362251,-1.2484764753243462
GGATGTTAGGTCGGAT-1,-3.2540029803691297,-12.321938120427962
GGATGTTGTTCGAATC-1,7.533493427831699,-3.6513957713043963
GGATTACAGGTGCACA-1,-4.290256308406112,-2.136315483063985
GGATTACCACGGTAAG-1,-7.641629359786699,-9.487244438578157
GGATTACTCAAGAAGT-1,-6.913494554862084,-2.36815095648586
GGCAATTCAGGGTATG-1,-3.5872619867296973,-1.1007827818448663
GGCAATTGTCGAAAGC-1,-8.635517313411793,-9.139671881202714
GGCAATTGTCGGCACT-1,7.321319007053257,-4.393847366063837
GGCCGATCATCCTAGA-1,-9.358596506290098,-7.809464664248146
GGCCGATCATGTCCTC-1,-9.510203726073911,-6.808666794473923
GGCCGATGTCAACATC-1,-8.851675081806487,-10.14923394070201
GGCCGATTCATATCGG-1,-8.500991243849384,-4.2357215350930195
GGCCGATTCCGCATCT-1,-7.969619793980085,-3.60699744462229
GGCGACTTCTGAAAGA-1,-8.87786432820297,-9.307327964198139
GGCGTGTCAAGCTGTT-1,-9.1972238165048,-5.7807669240349995
GGCGTGTCAGTTTACG-1,-9.247460907391375,-9.861598230195744
GGCGTGTTCCAGATCA-1,-8.121503680392369,-9.843743683272344
GGCGTGTTCGTTGACA-1,-4.432101839509596,-2.3226897274928526
GGCTCGAGTCGATTGT-1,-7.402342476213879,-3.172982315940248
GGCTGGTAGTATCTCG-1,-9.231027032147633,-9.10024861881363
GGCTGGTTCTACCTGC-1,-6.362371818226159,-11.115745358407551
GGGAATGCAGTCGTGC-1,-7.217934047201354,-10.086383601984341
GGGAATGCATGAAGTA-1,-5.362422587386434,-1.1782858942674177
GGGAATGTCCCAAGAT-1,-4.2138842721811285,-11.294390862084684
GGGACCTCAGACACTT-1,-7.968098607288578,-9.570075104819045
GGGAGATAGGAACTGC-1,-7.649259269226342,-3.3565783857205505
GGGATGACAACTGGCC-1,-8.861666947025553,-8.182727126867691
GGGATGAGTATCAGTC-1,8.356465375235944,-1.9577354873686346
GGGATGAGTCACTTCC-1,-5.35011739633245,-1.2200766729058303
GGGATGAGTCATACTG-1,-9.642984228185526,-7.543217518907628
GGGATGAGTCCGAATT-1,-6.98674845496077,-11.196737616044151
GGGATGAGTTAGAACA-1,-9.247643320885812,-9.775020000152288
GGGATGATCCATTCTA-1,7.755024153871455,-3.3698886870861666
GGGCACTCACTTAAGC-1,-7.556483202547075,-3.25664693090588
GGGCACTCAGCCTTTC-1,-7.681342257630262,-10.122588304565602
GGGCACTCATCTACGA-1,-9.03805009655655,-7.003966863019791
GGGCACTTCGAACTGT-1,-7.215123173192882,-3.1362290348077413
GGGCATCCATGGAATA-1,-4.610634510686379,-2.228030520317544
GGGCATCGTTACCAGT-1,-3.6439346331995703,-11.822192889612772
GGGTCTGCAGTCAGAG-1,-8.043555179257664,-10.01757552149448
GGGTCTGCATCACAAC-1,-4.965471638436512,-12.049055410266575
GGGTCTGGTATTCTCT-1,7.259121744802095,-4.2227728720769395
GGGTTGCAGCAGATCG-1,-7.540660689152397,-10.265788725253353
GGGTTGCCACTGTGTA-1,8.56665251141274,-1.827554719737988
GGGTTGCGTGATGTGG-1,-3.8298788810357727,-1.8602919450364963
GGTATTGAGAAGGACA-1,-3.9562252956660946,-12.478606747864646
GGTATTGAGGAACTGC-1,-3.4311218584828067,-0.9999563306046644
GGTATTGCAAGGTTTC-1,-10.074386412404724,-7.089347278667051
GGTATTGTCCTTTCTC-1,-9.966568506814829,-7.54104717718414
GGTGAAGCACCGATAT-1,-8.972134240939845,-8.47073034612045
GGTGAAGCACTTGGAT-1,6.674948081249184,-4.7768378137029535
GGTGAAGGTAGCCTCG-1,-8.65565765434364,-9.320818805437183
GGTGAAGTCGCCATAA-1,-8.670595764373715,-9.754069681512973
GGTGCGTAGGACGAAA-1,-5.809087183537191,-11.308119192184312
GGTGCGTCAGTTCATG-1,10.399738793165822,0.46787083509031696
GGTGCGTGTGTAATGA-1,-2.885749684530917,-1.3944339099059935
GTAACGTAGCTAACAA-1,-7.153864883783462,-11.039282191214845
GTAACTGCATGTCCTC-1,-3.2118972633353833,-1.707990090033463
GTAACTGTCTTCCTTC-1,-9.705871355638253,-6.387546233054295
GTACGTACAAACAACA-1,9.431040938703193,-1.1634681840607692
GTACGTAGTACCGTTA-1,-8.787399077568482,-9.99502598488372
GTACGTATCATGTCCC-1,8.322230595106502,-2.3158358938442456
GTACTCCCAGAAGCAC-1,-3.1931751947860536,-11.16527436689456
GTACTCCCATTGCGGC-1,-4.293268345192731,-11.552853021092103
GTACTCCGTTCTGTTT-1,-7.975694378437295,-4.674970808883817
GTACTCCTCGGCCGAT-1,8.303233691527607,-2.471294790030485
GTAGGCCGTCCAAGTT-1,-8.605703023221116,-7.4118689961031
GTAGGCCGTCGCTTCT-1,-3.3473624391697236,-1.6430204610079853
GTAGGCCGTTGACGTT-1,-8.408635441433997,-4.586836852263995
GTAGGCCTCGTCACGG-1,-8.726811605501938,-10.334422363358406
GTAGTCAAGCTGCAAG-1,-9.641369674056708,-9.243275024938823
GTAGTCAAGTAAGTAC-1,-8.603763840245719,-9.771364420068688
GTAGTCACAGAGCCAA-1,-9.200959966855311,-9.76594152976885
GTAGTCAGTATAGGTA-1,-3.4329534502443186,-1.184398905468389
GTAGTCATCCAGAAGG-1,-6.949053847884791,-10.781448298005431
GTATCTTAGACGCACA-1,-9.840034879941793,-8.023189259642344
GTATCTTGTGAAATCA-1,-9.385108378203734,-6.70430770103713
GTATCTTGTTAGAACA-1,-2.525909069089725,-11.695749585438785
GTATCTTTCAGTTTGG-1,-3.2453385170243916,-11.577840820877476
GTATTCTAGGACATTA-1,-9.097456207360851,-9.700023675115522
GTATTCTTCTAACTCT-1,-4.923888170111638,-2.002890378844993
GTCAAGTCAGCTATTG-1,8.832073772156711,-1.7838562900607042
GTCAAGTGTTTACTCT-1,-9.433746846376932,-8.372537100437793
GTCAAGTTCACATGCA-1,-5.021628310256927,-11.628057799590394
GTCACAACAAGCCGCT-1,-5.31553361439678,-11.276039850343562
GTCACAAGTCCAGTTA-1,7.235494548278081,-4.249970862090481
GTCACAAGTCTCGTTC-1,-8.348061224538228,-4.992676049424392
GTCATTTAGAGGTACC-1,-6.043537939046802,-11.065084059948326
GTCCTCATCGCCTGTT-1,-8.224195154428093,-5.3781454998915885
GTCGGGTGTCGTTGTA-1,8.896756566758182,-1.1391620051365752
GTCGGGTGTTACCAGT-1,-9.158682779234596,-7.206116859777996
GTCTCGTCAAACCTAC-1,-7.868572355918589,-9.366219407447703
GTCTCGTGTCTAAAGA-1,9.155917805941808,-0.9698247901544818
GTCTTCGAGGGTATCG-1,-4.227420059664621,-1.75873617446689
GTCTTCGCATGCATGT-1,-4.062195850337145,-12.327598031677052
GTCTTCGGTGGGTCAA-1,-8.252532687409003,-5.015476976107726
GTCTTCGTCACCGTAA-1,-3.0676907108578813,-12.061521257175848
GTGCAGCCAAGGGTCA-1,10.320405525479647,0.6386960360954504
GTGCATAAGAGGGCTT-1,-5.754370885550718,-11.685410593265688
GTGCATACACAGATTC-1,-8.766172726432371,-5.171746677716418
GTGCATATCTTTACAC-1,-7.3188494499539685,-11.550430639770529
GTGCGGTGTCGCATCG-1,-4.070804723408048,-2.0732108163880687
GTGCGGTTCCTTGCCA-1,-6.371334756959124,-11.465389398438854
GTGCTTCAGAGCAATT-1,8.35666962395969,-2.26487261574336
GTGCTTCAGCGATCCC-1,-2.992722750919044,-1.2223982624722385
GTGCTTCCACAGGAGT-1,8.44562598306878,-1.66496241164979
GTGCTTCTCTCTGAGA-1,-3.484560980984116,-11.677830448961425
GTGGGTCCACATCTTT-1,-8.910777518056967,-4.887731859414834
GTGGGTCGTCTAGAGG-1,6.77504662691234,-4.648398003295821
GTGGGTCTCTCTTGAT-1,-3.593539406545164,-1.618215948155423
GTGTGCGCAAATTGCC-1,-3.6027138941362,-1.5331596852907576
GTGTGCGTCCCAAGTA-1,-6.685583900184972,-2.671508005776759
GTGTTAGAGTGGTAGC-1,8.689457006270404,-2.0124832833843342
GTTAAGCCATTTCAGG-1,-6.976950018790917,-11.720814383198373
GTTACAGAGCTGAAAT-1,-5.53289788800237,-1.2635051318734654
GTTACAGCAGCCAGAA-1,-3.903950453604831,-2.1077618185481977
GTTACAGGTACTTCTT-1,8.054168040239965,-2.494739336733868
GTTACAGGTTACTGAC-1,-4.920248083577119,-11.49218777699969
GTTCATTAGACTCGGA-1,-5.19673514677486,-11.683695927561073
GTTCATTCACTGTCGG-1,-7.067916795893365,-2.957759632099299
GTTCATTGTTCGGGCT-1,-9.412105528871336,-9.519351616074319
GTTCGGGAGGCTAGGT-1,-6.251846446762508,-2.4029663197555666
GTTCGGGCAGTCACTA-1,-4.644609248061146,-2.3727188620703084
GTTCGGGGTCGGCATC-1,-7.332147004396799,-11.524990777421054
GTTCGGGTCAGCTCTC-1,-3.4029354541326904,-10.8385884779019
GTTCGGGTCTCTGTCG-1,10.12172265284344,-0.24941351218062252
GTTCTCGAGTGAATTG-1,-8.966710595645571,-8.484542981764823
GTTCTCGGTTCGAATC-1,-3.720760984422134,-1.7797358194545918
GTTTCTAAGCTCCTTC-1,-7.920251546153746,-3.5582297265017746
GTTTCTAAGGTGTGGT-1,-9.160365803152944,-9.927801452360058
GTTTCTACACTGTGTA-1,-5.392502306952944,-1.1564501493976669
GTTTCTATCAACTCTT-1,-4.6936360191851865,-11.71536136240594
GTTTCTATCGCAAGCC-1,-7.457067804756685,-10.642042901388818
TAAGAGACATCACGAT-1,-3.9692302112274462,-11.44885580566058
TAAGAGACATGTCTCC-1,-7.293444916494393,-11.397344142817206
TAAGAGACATTCCTGC-1,-6.706922127671177,-10.620656509829843
TAAGAGATCAGGCCCA-1,-8.940685811735833,-9.879495627245788
TAAGCGTCATGTTGAC-1,-8.452775754039259,-6.299056839710212
TAAGCGTGTACCGAGA-1,-8.239125744330554,-9.538303054438394
TAAGCGTGTTAAAGTG-1,-8.353917470238017,-4.233545309261185
TAAGCGTTCAGTTAGC-1,-6.767246946809315,-10.315107416106786
TACACGAAGCGTCTAT-1,-8.258755839651744,-3.581802972507552
TACACGAGTCCCTTGT-1,-8.749012241871808,-5.3850701835478585
TACACGAGTTCCGGCA-1,-8.483382302854125,-5.167722230589903
TACACGATCCGTACAA-1,-7.348054760744258,-10.564857687592054
TACACGATCGTCCAGG-1,-4.690492660145753,-2.1226293693360114
TACAGTGAGATCCCGC-1,9.293418263866299,-0.8374491792172081
TACCTATAGCTAACTC-1,-8.120187610395513,-10.98292666319248
TACCTATCAGCTGGCT-1,-8.787190222289341,-8.211027231185401
TACCTTAAGATCTGCT-1,8.831815988533686,-1.610601320475869
TACCTTATCTTTACGT-1,-4.1934881819389105,-11.091773878001895
TACGGATTCACCCGAG-1,-6.3335671574580505,-2.4428051890735802
TACGGATTCCACTGGG-1,-7.96317920935198,-11.102450439656867
TACGGGCAGAGGTTAT-1,-2.9633262556333935,-1.1578279153904498
TACGGGCGTCTTGATG-1,-8.475298150999407,-7.655966583919473
TACGGGCTCTTACCGC-1,-7.45417635674387,-2.9637697229940168
TACGGTAAGCCCAACC-1,-7.857507678494434,-9.678733423870018
TACGGTAAGTAGCGGT-1,-3.9195795382565777,-11.519970332686356
TACGGTAGTACAGTGG-1,-8.667946658065514,-5.372573989477836
TACTCATAGCTAAGAT-1,-4.234238810025874,-11.630329841007192
TACTCATCAACTTGAC-1,-4.386993432619326,-1.912705929674823
TACTCATCAGTTCCCT-1,-7.003299608844946,-11.281908919989545
TACTCATGTGACCAAG-1,-7.04709928346651,-10.726413927602486
TACTTACAGAGTAATC-1,-8.813443548399558,-6.360733126673844
TACTTACCATATACGC-1,-7.535706444497516,-3.0241500384477877
TACTTACCATTTGCTT-1,8.674517414099864,-1.7347326922625328
TACTTACGTAGCTTGT-1,-4.063620977060973,-2.056498058344065
TACTTACTCAGGCAAG-1,-3.6658948230270485,-12.269857677027781
TACTTGTAGCGTCAAG-1,-3.4963865134674323,-1.072140526167283
TACTTGTAGGACACCA-1,-5.6558735757957015,-11.420610823226431
TACTTGTCACCCTATC-1,-8.327910795913374,-3.8987070317714174
TACTTGTCATGAGCGA-1,-8.407515147988759,-9.968700411525074
TACTTGTTCAGCGACC-1,-4.865604119276812,-11.857982191909352
TAGACCACACAGAGGT-1,8.256418575021977,-1.870362224175879
TAGACCAGTCAGATAA-1,-4.259441844814468,-11.733357459458077
TAGACCAGTTGATTGC-1,8.327971373593728,-2.0902658688600586
TAGACCATCGAACGGA-1,-6.602568019644782,-11.346983066062174
TAGAGCTCATGCCTAA-1,-3.8324317482265475,-1.3790432281239067
TAGAGCTGTTCTGAAC-1,-8.230840329499038,-4.049077823079024
TAGAGCTTCCGATATG-1,-9.458691102970175,-9.335462683629261
TAGCCGGAGATAGTCA-1,-4.848329381420085,-1.966129818755478
TAGCCGGGTGTTCTTT-1,9.601854112319026,-0.14946212793696537
TAGCCGGTCACATAGC-1,-3.1446374447188132,-11.77701253618024
TAGGCATAGGGTGTTG-1,-7.397670270022251,-10.806572279005428
TAGGCATAGTACACCT-1,-3.0217754887021617,-12.219499860916617
TAGGCATGTGCAGTAG-1,-9.72391447756046,-8.265395212414816
TAGGCATGTTACGACT-1,-7.764906265580481,-10.031145822992091
TAGTGGTTCGTTTAGG-1,-5.9278598589939,-11.487363155850689
TAGTTGGAGGTCGGAT-1,-8.949917564016916,-7.988700639229583
TAGTTGGCAAGCGTAG-1,-9.703542840955176,-6.523953846372068
TAGTTGGGTGTGGTTT-1,-4.935779440725244,-2.4464757268894766
TAGTTGGTCAACACGT-1,-9.409282990182804,-7.881793740412324
TAGTTGGTCAACTCTT-1,-9.002987821807022,-8.85260514291097
TATCAGGAGCAAATCA-1,-7.6675503222697206,-4.106386210093886
TATCAGGCACCCAGTG-1,-6.825787912975654,-11.405301696255572
TATCAGGCAGTATCTG-1,10.318966014875901,0.5868386699313318
TATCAGGCATATGAGA-1,-2.895568783268694,-1.1390184023767693
TATCTCACAGCGATCC-1,8.564678910761682,-2.443739865448342
TATCTCATCGCAGGCT-1,-7.328539963298575,-3.040451444706917
TATGCCCAGCGGCTTC-1,-9.055866253095795,-9.296784935162083
TATGCCCCACCTCGTT-1,10.436138082772917,0.04417073780837319
TATGCCCCAGTAGAGC-1,-8.712164949518437,-6.445306833548927
TATGCCCGTAAACCTC-1,-9.144876535722927,-4.427936219458351
TATGCCCGTTCGCTAA-1,-3.243763486451332,-0.8470169220616609
TATGCCCTCAACACAC-1,-8.78373474130087,-10.235931269361133
TATGCCCTCGGTCTAA-1,-5.522616421824041,-1.2519717788419458
TATTACCAGAAACCTA-1,-3.18260291976294,-12.304155870304792
TATTACCCACAAGCCC-1,-4.5502970636699995,-2.1081665370496716
TATTACCCAGGGATTG-1,-8.38701099550606,-10.711774402783348
TATTACCCAGTTCCCT-1,-9.205239683950662,-9.968125248276706
TATTACCGTTTGACAC-1,-8.530943227941398,-7.165752408049779
TATTACCTCGGAAATA-1,-3.221174151359649,-12.411534990198524
TCAACGACAGCCAGAA-1,-3.1830053580201123,-11.841881871745453
TCAACGATCGGCTTGG-1,8.400865507173503,-1.7420686898622024
TCAATCTGTACTTCTT-1,-7.451494576801409,-2.624041532637293
TCAATCTTCACAATGC-1,-8.797035481732044,-7.028156117990486
TCACAAGAGTGTCTCA-1,-8.224699981821113,-4.782046398849222
TCACAAGGTACCGTAT-1,8.749896328270225,-1.520377328787823
TCACAAGGTCAAGCGA-1,-8.8936077951868,-5.70531325004076
TCACAAGTCACCACCT-1,9.276148738383856,-1.070404738075787
TCACGAAAGCAGCGTA-1,-4.976407701206624,-11.694642915628098
TCACGAAAGGAATTAC-1,8.071347359742587,-2.3435342545951
TCACGAACATGCTGGC-1,-7.539704857395815,-11.446874545162933
TCACGAAGTCGAAAGC-1,8.829665860650122,-2.138917755528923
TCACGAAGTTGATTCG-1,-2.9451514400488827,-1.0597196532838349
TCAGATGGTAGCGCAA-1,-9.787036844352032,-6.61900927241353
TCAGATGTCACGACTA-1,-8.063296866275865,-10.045003433201785
TCAGCAAAGCTAGTCT-1,8.862756673448937,-0.991197923246217
TCAGCAAAGGAGTACC-1,-4.724496867234067,-11.949693522066244
TCAGCAAGTATGCTTG-1,8.936948662984395,-1.933746169129368
TCAGCTCGTTCGGCAC-1,-8.629492743965546,-8.94244771420375
TCAGGATGTAGAGGAA-1,-5.059281532447855,-11.278233489045679
TCAGGTAAGAAGGTGA-1,-5.30608332863725,-11.531217445800666
TCAGGTAGTTCCACAA-1,-7.978223235666611,-3.3651972053935433
TCATTTGAGATACACA-1,-3.7840786580175383,-11.909723677032751
TCATTTGCATCACCCT-1,-2.932196425695165,-11.803168756965329
TCATTTGGTTCGAATC-1,7.951022175187509,-3.188209864353402
TCATTTGTCACCGGGT-1,-4.521661151488632,-2.26710346409805
TCCACACAGATCCGAG-1,-6.414195682624319,-11.290121067872168
TCCCGATAGTAGTGCG-1,-7.028325735443458,-11.002587565026216
TCCCGATGTTTGGGCC-1,-8.178239694460103,-9.62827071672396
TCCCGATTCAGCTCGG-1,9.7579949044203,-0.8013640532577272
TCCCGATTCTCGCTTG-1,-7.121983766608482,-2.402539567614305
TCGAGGCTCACTGGGC-1,-8.571754648328962,-8.857461420420863
TCGCGAGCAAGCGATG-1,-7.408770007030705,-11.286222933600932
TCGCGAGGTCTAGCCG-1,-9.680417331174873,-7.141640308281971
TCGCGAGTCACCTTAT-1,-2.6586082396843462,-11.664517559842807
TCGCGTTAGATCCCAT-1,-9.248400212397097,-8.75901187690498
TCGCGTTAGTGAATTG-1,-9.039785399241078,-4.367760075920542
TCGCGTTCACCCATGG-1,-9.145438394553674,-9.22011533237898
TCGCGTTTCTTGCATT-1,-7.577274029823758,-9.895631596127117
TCGGGACCATATACCG-1,-8.45562399661919,-9.587071553976898
TCGGGACTCGGCCGAT-1,-8.960853841805609,-8.693288309198325
TCGGTAAAGTGGAGAA-1,7.376014052750366,-4.007410507966429
TCGTACCTCAGTTAGC-1,-6.600647079082814,-11.669282405407577
TCGTACCTCTACGAGT-1,-7.34933380685808,-2.9275255881164592
TCTATTGAGATGGCGT-1,-6.490371098058111,-2.6068383792733756
TCTCATATCTTAGCCC-1,-9.61574398682536,-7.530498465242844
TCTCTAAGTTAAGATG-1,-5.002754630481346,-11.71646604716634
TCTGAGACAGGGTTAG-1,-4.100342249001776,-12.121770826168818
TCTGAGACATTCCTGC-1,9.422223282986375,-1.1987241984205523
TCTGAGAGTAAAGGAG-1,-4.557454822300194,-11.487514655581188
TCTGAGATCACCCTCA-1,-7.303482230348223,-2.7317067836593574
TCTGAGATCCACGTTC-1,-2.920337732754364,-11.817012851050912
TCTGGAACAAGCTGGA-1,-8.707414011785627,-8.42701484125579
TCTGGAAGTGAAATCA-1,-8.549959201572097,-3.7402872338658146
TCTGGAATCGCGTAGC-1,-7.717387686312264,-9.90855386230366
TCTTCGGAGTTCGCAT-1,-4.77084045395155,-2.0421174558772077
TCTTCGGTCCAAATGC-1,6.726007500909565,-4.983221840056481
TCTTTCCAGAAGGACA-1,6.761937537487383,-4.892859976529806
TCTTTCCAGTGGACGT-1,-8.675505210320189,-9.951796470582908
TCTTTCCGTGGTCCGT-1,-8.541241633919334,-6.186186102075798
TGAAAGAAGCATCATC-1,-3.7734076142385335,-11.322371480468265
TGAAAGAAGTCGTACT-1,9.569907967921527,-0.8087552864370683
TGAAAGAGTACATGTC-1,-8.975188714260165,-6.904424024404071
TGACAACAGCGTGTCC-1,-8.940505054022442,-9.57805000069636
TGACAACCAGACAGGT-1,-8.9812066908948,-4.77097383950159
TGACAACTCAACACCA-1,-8.554565318774136,-8.22504218577151
TGACGGCGTGGTGTAG-1,-4.963668788408088,-11.921931667329691
TGACGGCGTTGAGTTC-1,-9.543904818941089,-8.293194448778593
TGACGGCTCCCTAACC-1,-8.944148609684262,-8.781024747416499
TGACGGCTCCGCATCT-1,-7.936494944155184,-3.771448460294049
TGACTTTTCCGTTGTC-1,-7.7723474250129625,-9.535194110161218
TGAGCATCAGACAAGC-1,6.913664172748772,-4.595255106940276
TGAGCATTCTTCGGTC-1,-3.91206374639553,-11.29238221429806
TGAGCCGGTACTTCTT-1,-8.271113714203675,-10.2043095927223
TGAGCCGGTCCTAGCG-1,-9.549553570840509,-7.017361685333084
TGAGCCGTCACAACGT-1,-5.187228044073468,-11.843182858492963
TGAGGGAAGTGAACAT-1,-5.659961048561093,-11.566165668603476
TGAGGGAGTCTAAAGA-1,-8.087570358781859,-10.567449967908296
TGAGGGATCGTCCGTT-1,-8.176984768000867,-4.061399231239511
TGATTTCAGGCACATG-1,10.176291820709409,0.6260701349142338
TGCACCTCAATGGAGC-1,-8.711911331806032,-4.243689019711189
TGCCAAAAGAAGGTTT-1,9.023505577392704,-0.7771483076876882
TGCCAAAAGACTACAA-1,-2.8733840541621554,-11.567792486482414
TGCCAAACACAACGCC-1,7.234696688220841,-4.799711620283679
TGCCAAATCTGCAGTA-1,-8.354229002691755,-3.5263627980706085
TGCCCTAAGACAGACC-1,9.183408377384621,-1.2998727608756566
TGCCCTACACGCATCG-1,-3.8415723452637227,-11.884395363602
TGCCCTATCCCTGACT-1,-3.6086961747268678,-11.520747481843548
TGCCCTATCTTCGAGA-1,-9.008469315230574,-4.5729331801689534
TGCGCAGCATTGAGCT-1,-7.541521077241213,-3.35099588100107
TGCGCAGGTGCCTGCA-1,8.959733202328326,-0.959880310942539
TGCGCAGTCATGTCTT-1,-4.990249950826255,-1.8120693957691947
TGCGGGTAGGAGTACC-1,-6.857690364683759,-2.565033144160105
TGCGGGTCATTACCTT-1,-7.746978651013855,-3.3638699881719885
TGCGTGGAGAGGTTAT-1,-8.53839316701031,-10.710843280554025
TGCGTGGCAATGCCAT-1,-8.264250689387598,-8.64460242915816
TGCGTGGTCGGTTAAC-1,6.549902809129381,-5.080026720113216
TGCTACCCATAGACTC-1,-4.647278609155118,-2.010076439453178
TGCTACCGTGACTCAT-1,-8.632408958164637,-3.635116350771904
TGCTACCGTGCAACTT-1,7.17716184646978,-4.154320422838638
TGCTACCTCCGCGGTA-1,8.622446213808455,-2.1247764498563217
TGCTACCTCTCCTATA-1,9.750513879737634,-0.3253227010578132
TGCTGCTTCCTGCCAT-1,-8.6093056984178,-4.095596286891502
TGGACGCCAGACGCAA-1,-8.7671545436618,-6.2578962868969725
TGGACGCGTCAAAGCG-1,-8.293328678001483,-8.9701094253847
TGGCCAGGTGCCTGCA-1,-9.624768200822011,-7.119482501625785
TGGCGCACAAGCGAGT-1,-8.271636139241298,-9.320571786464171
TGGCGCAGTCCGTGAC-1,-8.139781764869289,-3.622411056426328
TGGCTGGCATACGCTA-1,-9.557098898213708,-8.762175502176506
TGGCTGGGTATGCTTG-1,-3.127595832564256,-11.84638734725651
TGGCTGGGTTCTGGTA-1,-8.364119976594914,-9.915780410790143
TGGGAAGGTCCTAGCG-1,-8.666910911461693,-8.522172104994095
TGGGCGTGTACCTACA-1,-3.0369378412470263,-1.6312235267933755
TGGGCGTTCCGTTGTC-1,6.856377695612862,-4.744993909069543
TGGTTCCAGGCTCAGA-1,-8.156192832646205,-4.8105070293226575
TGGTTCCGTTGCGCAC-1,8.60331447940838,-1.4569104798518384
TGTATTCCAATGTTGC-1,-6.532799074335389,-2.543072890728147
TGTCCCAAGTGGTAAT-1,-3.615269405169013,-1.842751373885179
TGTCCCACATCGGAAG-1,-3.8159663809032294,-11.520119223884027
TGTCCCAGTACGACCC-1,-4.890544865018451,-11.717088464754228
TGTGGTACATATGAGA-1,-3.0500762331579687,-12.274691540934645
TGTGGTAGTGGCAAAC-1,-9.218138893529797,-4.96568253788345
TGTGGTATCATGTGGT-1,9.966594718615198,-0.14817532177936807
TGTGGTATCTACCAGA-1,-3.2134152541111636,-0.9121398254244155
TGTGTTTCAATGGAAT-1,6.8934068500906545,-4.761132904629918
TGTGTTTTCAGGTTCA-1,-9.457655180424032,-8.95405721860397
TGTGTTTTCCGTTGTC-1,9.76878912594412,-0.23471533215952992
TGTGTTTTCTCGATGA-1,-2.259650646093014,-11.364392250855467
TTAACTCCAGTAAGAT-1,7.009062450008622,-4.555350521586837
TTAACTCGTCATATCG-1,-6.890737017927292,-2.446799815591126
TTAACTCTCAAAGACA-1,-8.203146359691333,-4.398690308282502
TTAGGACAGCACAGGT-1,-5.172019505510711,-11.903086106252713
TTAGGACCATAAGACA-1,-9.396629110478418,-7.346653573532859
TTAGGACTCTCACATT-1,-3.260227757033865,-0.751934142124605
TTAGGCACATGGGAAC-1,-8.2870191558546,-10.8092407149119
TTAGGCACATGTAGTC-1,10.368821724283727,-0.06363032199347658
TTAGGCAGTATATGGA-1,-5.908515761555082,-11.577058991760138
TTAGGCATCAGCATGT-1,7.197903556131943,-4.259735911765891
TTAGTTCCACAGGCCT-1,-7.888527079955804,-9.600855728559669
TTAGTTCGTAGCGATG-1,-8.404848755894115,-9.578285263050903
TTAGTTCGTGTTAAGA-1,7.056123468099965,-4.355337908285419
TTATGCTAGGACACCA-1,-3.459319030380876,-11.770727075817984
TTATGCTCACACTGCG-1,-7.203153188577993,-11.491146506618927
TTCGAAGCAATGTAAG-1,-2.57211496312439,-11.550092153162927
TTCGGTCCACAGGCCT-1,-8.890302625745726,-9.578106031420171
TTCTACATCTCGCTTG-1,-4.32357749727302,-12.025672111585527
TTCTCAAAGACAGAGA-1,-8.854179820995308,-4.595604720206118
TTCTCAAAGCTTATCG-1,-3.458400787975806,-11.405816479055103
TTCTCAAAGGCAGGTT-1,-4.350057332657376,-11.603930566088613
TTCTCAAGTAGCAAAT-1,-9.589699897911345,-8.655165097492722
TTCTCAAGTGCGAAAC-1,8.858550164154536,-1.1004737573700605
TTCTCAAGTGTAAGTA-1,-7.465912563902897,-2.8013722301360477
TTCTCCTAGGACTGGT-1,6.895486733693247,-4.275175957071605
TTCTCCTAGTAGCCGA-1,-9.670653773194793,-7.718303131662121
TTCTCCTTCTACCTGC-1,-2.6312726444634773,-12.014419371700521
TTCTTAGCACCAGTTA-1,6.929610898605141,-4.550324266182333
TTCTTAGTCACGCATA-1,9.707266086112837,-0.8516258060183953
TTGAACGCATGCGCAC-1,-9.401774055896182,-6.529547861094574
TTGAACGGTGATGCCC-1,-5.6646260266051955,-2.4253132577533454
TTGAACGGTGTGACGA-1,-4.000393111088791,-2.2095419029533594
TTGACTTAGATCGATA-1,7.2982556186779854,-4.140597208600259
TTGACTTAGTAGGTGC-1,-3.1248038537261826,-11.925620392446687
TTGACTTCAGACAAGC-1,-3.2555482672771263,-11.50627383092428
TTGCCGTAGCTCCCAG-1,8.324597199570043,-2.091233992469842
TTGCCGTCACAGCCCA-1,-3.2740725811595692,-11.0147678025764
TTGCGTCAGAATAGGG-1,-7.080865917646373,-2.708257252764183
TTGCGTCAGAGATGAG-1,-2.8539164693747523,-1.1098835521827626
TTGCGTCGTATATGAG-1,7.188521945909081,-4.18755519946124
TTGGCAATCAAGATCC-1,8.677918869364518,-2.1519564765164207
TTTACTGTCTATCCCG-1,10.23158548374623,0.14070850264713394
TTTATGCAGTCATCCA-1,-9.28471293018208,-7.75424507010983
TTTATGCCAACACGCC-1,-7.774229309238589,-10.975673752914584
TTTATGCGTCACCTAA-1,-8.472935128840435,-8.2509875418023
TTTATGCGTGGAAAGA-1,-4.822061139316547,-0.9124541791051293
TTTATGCTCCGCATCT-1,-3.3923370673993234,-1.8520502433288095
TTTCCTCAGCCCAACC-1,-9.43559586917624,-6.1818673931033565
TTTCCTCGTTCAGCGC-1,-9.104695901069435,-8.695684962615355
TTTGCGCAGATGCCTT-1,9.088062771478038,-0.958172051018707
TTTGCGCAGCGATTCT-1,-9.67902737708358,-6.89475005824665
TTTGCGCCACCGATAT-1,-5.499691497673973,-2.370710411126033
TTTGCGCTCTCGTATT-1,6.94440852560354,-4.720435208436546
TTTGGTTAGGATATAC-1,-8.799659355754356,-7.144440681416159
TTTGGTTGTCCAAGTT-1,-3.8115166162786243,-1.0504167200627479
TTTGGTTGTGCAACTT-1,-8.871767949626769,-5.082997040655573
TTTGGTTTCTACTATC-1,-9.0282086053718,-10.037232960050252
TTTGTCACATCGGTTA-1,-4.281335052146415,-11.909502099247359
TTTGTCATCTGTCCGT-1,-3.3826107932198473,-1.7129461145161964
TTTGTCATCTTTCCTC-1,10.28337744042899,0.23919882736219147
